player_id,player_name,role,team,ipl_team,matches,total_runs,total_wickets,batting_average,bowling_economy,highest_score,hundreds,fifties,sixes,fours,maiden_overs_bowled,catches,run_outs,trophies,records,ipl_runs,ipl_wickets,ipl_batting_average,ipl_batting_strike_rate,ipl_bowling_strike_rate,ipl_bowling_economy,ipl_highest_score,ipl_hundreds,ipl_fifties,ipl_sixes,ipl_fours,ipl_maiden_overs,ipl_catches,ipl_run_outs,t20i_runs,t20i_wickets,t20i_batting_average,t20i_batting_strike_rate,t20i_bowling_strike_rate,t20i_bowling_economy,t20i_highest_score,t20i_hundreds,t20i_fifties,t20i_sixes,t20i_fours,t20i_maiden_overs,t20i_catches,t20i_run_outs,odi_runs,odi_wickets,odi_batting_average,odi_batting_strike_rate,odi_bowling_strike_rate,odi_bowling_economy,odi_highest_score,odi_hundreds,odi_fifties,odi_sixes,odi_fours,odi_maiden_overs,odi_catches,odi_run_outs,test_runs,test_wickets,test_batting_average,test_batting_strike_rate,test_bowling_strike_rate,test_bowling_economy,test_highest_score,test_hundreds,test_fifties,test_sixes,test_fours,test_maiden_overs,test_catches,test_run_outs
P001,Virat Kohli,Batter,India,RCB,502,31975,30,50.06,,204,125,347,2141,5938,6,385,94,9,Century maker,10044,1,36.52,139.82,,,203,26,72,574,2507,1,49,2,9154,5,59.04,117.54,,,185,46,64,717,444,1,104,17,8863,14,58.82,123.21,,,168,33,64,548,1229,1,88,33,3914,10,45.85,42.3,,,204,20,147,302,1758,3,144,42
P002,Rohit Sharma,Batter,India,MI,52,35957,37,49.71,,216,145,295,1450,6309,7,301,92,5,Consistent run scorer,6157,8,51.37,84.64,,,216,47,48,347,1669,1,30,16,6647,10,37.02,81.29,,,85,33,133,295,953,1,71,16,8707,11,56.13,137.57,,,135,29,19,323,1189,2,121,38,14446,8,54.32,37.31,,,173,36,95,485,2498,3,79,22
P003,MS Dhoni,Wicket Keeper,India,CSK,472,32305,15,39.97,,161,59,277,1751,4165,3,272,85,0,Explosive keeper batter,6578,3,35.18,78.73,,,91,15,69,386,1436,1,36,7,6539,7,34.99,77.84,,,137,7,71,574,869,1,51,34,9736,4,42.07,78.8,,,161,16,41,263,549,0,50,35,9452,1,47.63,72.09,,,147,21,96,528,1311,1,135,9
P004,Sachin Tendulkar,Batter,India,MI,433,42089,22,55.69,,213,119,361,2488,6904,4,133,123,11,Power hitter,10260,9,56.46,116.05,,,213,26,75,416,2443,1,45,40,7588,4,57.85,96.71,,,160,39,115,647,644,0,9,34,17112,5,56.65,148.26,,,148,46,45,656,2455,0,26,9,7129,4,51.81,35.38,,,149,8,126,769,1362,3,53,40
P005,Rahul Dravid,Batter,India,RR,335,26873,30,40.34,,207,58,353,1505,5267,5,358,75,5,Chase specialist,8194,5,40.68,91.39,,,207,11,102,568,240,2,143,9,7767,6,31.5,99.82,,,70,24,18,416,1359,1,158,39,2241,8,57.55,122.44,,,194,7,117,114,1681,2,35,22,8671,11,31.63,67.34,,,202,16,116,407,1987,0,22,5
P006,Sourav Ganguly,Batter,India,KKR,184,12707,38,47.45,,213,75,208,1666,7759,7,322,123,2,Consistent run scorer,1879,12,37.75,155.64,,,199,36,52,370,2140,2,50,12,2303,6,53.96,140.68,,,159,23,62,644,1683,1,118,36,2590,8,40.94,101.82,,,154,8,50,312,1940,1,144,40,5935,12,57.17,63.66,,,213,8,44,340,1996,3,10,35
P007,Yuvraj Singh,All-rounder,India,MI,370,7353,294,30.71,6.71,186,35,160,1015,2135,143,364,75,3,Batting and bowling option,1028,63,31.58,76.05,25.64,8.2,181,10,42,299,569,3,107,11,2315,13,20.61,76.78,18.67,6.61,161,12,32,267,386,7,73,20,1963,50,33.81,108.0,52.46,5.93,186,4,41,342,418,0,29,9,2047,168,36.86,40.33,23.23,6.09,107,9,45,107,762,133,155,35
P008,Suresh Raina,Batter,India,CSK,39,27810,19,38.29,,244,86,387,1724,5653,7,498,70,2,Chase specialist,864,11,33.56,100.53,,,201,15,70,389,1527,2,160,30,7735,0,37.81,158.65,,,134,3,92,541,665,3,98,16,8136,6,33.96,147.59,,,140,33,117,449,1365,0,110,4,11075,2,47.83,61.42,,,244,35,108,345,2096,2,130,20
P009,Gautam Gambhir,Batter,India,KKR,209,28548,31,45.94,,204,104,360,1496,5078,4,241,97,1,Top order batter,5104,3,53.9,99.09,,,114,17,77,573,1688,1,12,29,4014,15,43.24,159.06,,,204,9,75,256,1228,1,148,43,5837,4,38.91,154.73,,,170,35,88,592,894,1,41,8,13593,9,47.71,73.52,,,85,43,120,75,1268,1,40,17
P010,Shikhar Dhawan,Batter,India,PBKS,379,15448,32,37.21,,220,114,432,1170,5142,5,408,51,2,Consistent run scorer,4246,15,33.05,126.46,,,83,12,97,197,1815,0,81,14,7774,10,44.28,122.08,,,189,44,105,456,754,1,135,2,1453,0,30.84,161.91,,,220,45,114,303,1466,1,133,12,1975,7,40.69,41.34,,,180,13,116,214,1107,3,59,23
P011,KL Rahul,Wicket Keeper,India,DC,241,12495,42,35.96,,219,40,164,880,2674,5,391,50,5,Middle order keeper,4063,2,42.55,150.61,,,113,9,61,316,1066,1,55,7,3199,13,39.16,129.69,,,219,5,19,118,496,1,114,1,2673,15,37.56,123.82,,,128,9,51,233,99,3,74,22,2560,12,24.58,65.2,,,96,17,33,213,1013,0,148,20
P012,Rishabh Pant,Wicket Keeper,India,LSG,374,23109,41,31.13,,204,35,131,1272,3652,6,251,67,0,Middle order keeper,4138,9,30.3,79.19,,,194,16,17,446,645,0,25,37,4622,14,44.14,90.31,,,204,3,54,439,1257,3,143,1,5516,8,25.22,150.26,,,86,12,16,116,1175,0,16,4,8833,10,24.87,44.54,,,145,4,44,271,575,3,67,25
P013,Sanju Samson,Wicket Keeper,India,RR,185,23678,32,31.44,,208,44,199,1635,2130,7,522,76,3,Wicket keeper batter,4305,15,27.98,76.63,,,107,14,29,423,312,3,128,33,2090,9,31.23,101.73,,,68,16,64,431,367,1,138,20,7373,5,42.73,155.58,,,208,0,50,338,1144,0,149,23,9910,3,23.82,44.77,,,103,14,56,443,307,3,107,0
P014,Ishan Kishan,Wicket Keeper,India,SRH,51,21834,21,32.01,,179,54,106,659,3010,6,319,100,2,Safe keeper,4598,6,28.39,141.7,,,155,2,37,115,154,0,119,35,3213,1,45.04,140.19,,,179,16,9,127,1066,2,28,10,4873,2,26.91,126.67,,,133,19,10,271,611,1,145,40,9150,12,27.71,36.26,,,73,17,50,146,1179,3,27,15
P015,Shubman Gill,Batter,India,GT,236,19110,44,34.93,,167,47,285,1281,4741,6,201,116,3,Century maker,1232,10,41.23,140.56,,,115,11,40,208,936,3,76,41,4334,15,30.77,124.5,,,158,5,105,173,1116,1,87,11,2390,10,32.16,134.13,,,167,6,99,549,1834,2,26,43,11154,9,35.57,71.81,,,99,25,41,351,855,0,12,21
P016,Yashasvi Jaiswal,Batter,India,RR,114,23297,29,39.15,,190,39,385,1542,4591,4,295,97,5,Chase specialist,5332,3,30.91,136.3,,,190,11,87,554,2078,0,37,0,3048,12,32.43,87.15,,,134,2,66,342,736,0,118,37,4226,14,52.96,119.59,,,183,5,118,434,1241,3,81,16,10691,0,40.31,46.78,,,145,21,114,212,536,1,59,44
P017,Suryakumar Yadav,Batter,India,MI,414,22318,47,40.56,,274,90,297,1599,4701,7,551,111,3,Consistent run scorer,7607,12,48.77,139.45,,,153,11,112,143,1061,1,158,21,3732,8,34.23,92.56,,,210,20,79,591,1668,2,120,15,5448,14,29.12,80.92,,,120,20,31,480,632,3,132,43,5531,13,50.14,46.42,,,274,39,75,385,1340,1,141,32
P018,Hardik Pandya,All-rounder,India,MI,365,9761,723,31.15,6.86,144,15,81,739,1161,137,390,104,4,Utility cricketer,3118,13,34.63,130.92,25.58,7.39,144,12,26,289,265,39,98,15,3345,135,25.12,93.95,29.12,7.55,62,1,17,130,219,10,116,32,504,244,28.91,98.5,55.29,6.25,80,1,15,223,166,40,30,26,2794,331,35.95,48.64,43.66,6.25,79,1,23,97,511,48,146,31
P019,Ravindra Jadeja,All-rounder,India,CSK,117,16282,797,26.39,6.43,168,29,59,840,2670,203,260,101,0,Match-winning all-rounder,3087,118,22.73,162.64,31.56,6.28,168,7,8,301,854,1,123,27,763,35,26.84,146.29,35.96,7.31,70,7,32,199,805,27,22,16,4542,318,22.96,97.64,55.6,6.02,82,5,12,25,185,27,31,44,7890,326,33.05,64.67,34.38,6.1,160,10,7,315,826,148,84,14
P020,Axar Patel,All-rounder,India,DC,334,14515,696,24.63,7.35,163,27,95,977,2021,96,483,88,4,Finisher,3682,76,23.06,110.78,21.74,9.25,119,8,31,168,463,37,118,10,4486,10,24.18,87.28,34.52,8.02,122,4,9,330,292,21,86,40,3006,355,26.12,107.44,24.6,6.06,163,9,31,331,425,27,120,37,3341,255,25.17,69.55,18.62,6.09,146,6,24,148,841,11,159,1
P021,Ravichandran Ashwin,All-rounder,India,CSK,175,13184,511,31.03,6.29,171,22,74,1102,2087,184,153,93,4,Utility cricketer,697,75,20.32,79.97,18.04,6.61,139,6,18,216,347,4,63,11,3257,142,36.7,97.94,29.39,6.0,171,1,45,333,589,8,32,26,5941,208,37.96,115.9,20.28,6.11,81,12,6,321,792,35,11,18,3289,86,29.13,50.89,34.58,6.45,167,3,5,232,359,137,47,38
P022,Jasprit Bumrah,Bowler,India,MI,74,11938,1082,18.26,6.38,66,44,86,617,1521,292,255,108,1,Spin option,4274,94,17.88,90.92,29.45,7.21,66,14,10,160,369,22,57,20,1635,172,19.51,100.61,25.05,6.52,8,2,33,111,573,31,54,21,2234,223,19.81,139.67,45.38,5.84,19,14,10,152,395,52,69,37,3795,593,15.83,60.41,33.98,5.97,27,14,33,194,184,187,75,30
P023,Mohammed Shami,Bowler,India,SRH,42,2641,872,16.78,6.54,67,2,7,179,286,220,324,104,2,Death overs specialist,274,198,11.81,88.09,27.33,5.77,18,0,2,15,66,43,77,19,718,76,18.66,95.21,24.81,8.97,11,0,2,55,23,4,12,20,641,367,17.61,132.58,44.73,5.81,17,1,3,66,105,8,96,43,1008,231,19.05,66.9,44.79,5.63,67,1,0,43,92,165,139,22
P024,Mohammed Siraj,Bowler,India,GT,300,2508,1050,12.55,7.32,52,1,12,183,314,354,343,75,0,Strike bowler,443,128,11.99,86.78,16.8,8.89,11,0,3,18,121,48,36,16,432,56,8.38,114.38,15.58,9.09,31,1,1,58,2,63,94,11,821,340,19.18,95.09,56.3,5.64,21,0,4,38,45,58,147,27,812,526,10.64,57.0,29.4,5.66,52,0,4,69,146,185,66,21
P025,Kuldeep Yadav,Bowler,India,DC,124,708,750,11.1,5.88,71,2,4,187,517,297,195,156,5,New ball specialist,191,144,6.19,84.18,27.63,5.66,27,0,1,39,104,38,79,44,47,155,9.14,143.59,21.47,6.66,64,1,0,49,134,14,35,44,122,350,15.59,103.33,67.2,5.63,71,0,1,41,147,37,8,43,348,101,13.49,35.32,57.17,5.56,40,1,2,58,132,208,73,25
P026,Yuzvendra Chahal,Bowler,India,PBKS,225,1161,982,9.41,6.61,76,1,10,104,221,129,183,101,0,Wicket taker,379,39,11.06,88.11,28.26,9.13,76,0,4,0,17,8,85,40,21,217,12.34,112.34,27.05,6.08,7,0,3,6,50,28,61,2,33,455,7.99,115.07,68.15,5.7,44,1,3,67,24,12,31,19,728,271,6.25,43.25,67.12,5.52,5,0,0,31,130,81,6,40
P027,Bhuvneshwar Kumar,Bowler,India,RCB,28,1855,665,11.35,6.56,70,0,7,207,276,242,396,85,2,Death overs specialist,399,111,7.95,83.17,28.63,6.16,61,0,3,63,25,78,67,2,141,30,11.28,146.07,27.98,8.41,10,0,1,57,121,80,49,37,173,87,8.06,87.3,61.19,5.99,70,0,1,25,125,15,136,26,1142,437,18.12,37.26,40.89,5.67,22,0,2,62,5,69,144,20
P028,Arshdeep Singh,Bowler,India,PBKS,227,2135,546,16.03,6.13,58,2,8,152,248,275,372,83,1,New ball specialist,98,90,10.92,164.42,23.23,5.84,58,0,2,59,50,37,35,29,700,126,19.86,174.32,27.12,7.41,25,1,2,28,104,24,151,1,879,183,14.18,91.31,49.72,5.51,27,0,4,17,79,40,39,25,458,147,19.17,35.44,44.83,5.76,8,1,0,48,15,174,147,28
P029,Tilak Varma,Batter,India,MI,87,20922,39,43.58,,220,84,236,1601,4013,7,313,116,2,Top order batter,4289,10,55.3,111.45,,,83,7,39,276,706,1,103,37,6598,14,41.11,126.14,,,119,42,70,578,694,3,13,41,2064,3,48.65,115.15,,,220,26,90,151,836,1,140,22,7971,12,29.26,43.86,,,112,9,37,596,1777,2,57,16
P030,Rinku Singh,Batter,India,KKR,276,29537,22,38.9,,163,78,136,1209,5042,1,216,89,2,Chase specialist,7635,3,37.56,94.37,,,152,3,18,246,1602,0,18,27,7719,8,49.58,111.59,,,88,31,19,166,812,1,65,40,7344,0,38.16,96.77,,,163,3,86,609,1784,0,88,16,6839,11,30.29,49.18,,,119,41,13,188,844,0,45,6
P031,Ruturaj Gaikwad,Batter,India,CSK,106,27436,41,35.24,,203,122,232,1265,4057,7,267,77,0,Power hitter,6381,6,31.53,76.76,,,139,35,27,296,598,2,34,36,4831,11,32.0,93.48,,,124,33,61,107,1050,1,34,8,4040,15,49.06,79.61,,,203,43,98,426,958,3,129,25,12184,9,28.36,65.25,,,148,11,46,436,1451,1,70,8
P032,Shreyas Iyer,Batter,India,PBKS,245,32823,35,38.99,,195,81,286,1598,4307,8,439,106,2,Top order batter,5702,12,49.16,83.82,,,195,20,42,495,1774,0,75,29,5523,9,34.83,76.07,,,83,43,56,388,206,3,98,29,7267,6,29.44,113.87,,,179,17,99,265,1055,3,159,10,14331,8,42.52,47.21,,,97,1,89,450,1272,2,107,38
P033,Washington Sundar,All-rounder,India,GT,47,16285,654,22.84,6.61,168,25,89,854,2150,169,354,95,1,Impact player,1712,117,18.53,113.87,25.0,8.31,161,8,17,85,886,0,127,21,3377,137,25.08,118.08,28.12,6.45,159,11,21,299,99,42,68,36,6852,325,21.61,134.85,48.86,5.88,168,6,38,190,294,1,150,33,4344,75,26.15,60.14,28.36,5.81,60,0,13,280,871,126,9,5
P034,Shardul Thakur,All-rounder,India,LSG,242,11134,434,28.18,6.78,182,33,101,648,1906,209,410,101,4,Finisher,2389,107,24.25,81.27,31.22,8.8,182,8,11,46,758,17,73,13,4075,52,33.52,119.77,29.3,6.22,124,6,26,158,255,44,126,28,1546,158,19.69,88.33,36.57,6.25,78,11,25,130,817,38,105,28,3124,117,35.24,51.67,31.42,5.85,71,8,39,314,76,110,106,32
P035,Deepak Chahar,Bowler,India,MI,327,1867,1174,11.67,6.37,56,1,9,90,342,290,291,119,1,Death overs specialist,476,94,17.53,87.7,26.15,7.31,33,0,0,22,144,50,12,42,767,150,16.51,125.09,19.41,6.74,52,0,4,23,14,44,131,36,480,465,6.46,75.38,62.3,5.52,56,0,2,41,38,57,71,20,144,465,6.16,64.57,67.74,5.92,52,1,3,4,146,139,77,21
P036,Abhishek Sharma,All-rounder,India,SRH,48,5588,369,27.78,7.43,217,19,83,565,1855,74,388,94,0,Impact player,2448,10,32.25,79.25,20.01,8.77,137,1,20,298,159,4,100,27,488,94,29.08,166.9,32.92,8.68,105,7,34,56,663,39,112,4,376,168,19.41,149.24,41.49,6.06,84,9,23,166,309,22,129,22,2276,97,30.37,68.67,39.77,6.2,217,2,6,45,724,9,47,41
P037,Nitish Kumar Reddy,All-rounder,India,SRH,306,16421,369,26.93,6.5,188,26,94,776,1267,148,260,127,5,Utility cricketer,734,66,23.67,131.63,26.74,6.65,139,3,6,173,223,41,102,41,3892,46,29.32,133.22,22.84,6.92,79,6,35,187,335,32,7,21,5217,233,28.03,102.23,64.45,6.34,151,5,25,287,402,20,51,34,6578,24,26.7,66.68,57.99,6.08,188,12,28,129,307,55,100,31
P038,Sai Sudharsan,Batter,India,GT,36,40108,30,44.15,,281,106,342,1412,3471,8,375,50,3,Century maker,6240,9,36.6,121.62,,,176,42,59,593,614,1,68,4,8296,8,55.33,113.59,,,139,15,98,68,2134,3,120,28,11536,0,54.65,126.96,,,212,34,92,453,416,2,74,4,14036,13,30.03,39.19,,,281,15,93,298,307,2,113,14
P039,Devdutt Padikkal,Batter,India,RCB,163,18827,25,48.73,,183,134,219,1597,5480,6,392,109,1,Century maker,6118,1,53.67,118.83,,,162,18,103,452,573,3,94,24,1425,9,55.57,174.35,,,107,45,45,437,1756,0,48,9,708,0,33.56,121.59,,,138,36,53,171,1480,1,99,40,10576,15,52.12,58.48,,,183,35,18,537,1671,2,151,36
P040,Rajat Patidar,Batter,India,RCB,231,20449,39,45.29,,208,113,279,1150,5984,3,537,67,5,Top order batter,4513,10,45.82,149.8,,,208,42,54,364,2128,3,114,0,3444,15,56.94,147.35,,,144,42,77,235,1803,0,143,34,8728,14,38.17,101.04,,,87,26,33,307,1365,0,130,28,3764,0,40.22,52.72,,,141,3,115,244,688,0,150,5
P041,Venkatesh Iyer,All-rounder,India,KKR,95,14225,415,30.07,6.51,171,18,60,925,1585,158,230,93,4,Match-winning all-rounder,1925,20,33.34,105.2,26.55,7.62,171,5,4,180,583,32,91,44,4141,55,29.74,119.59,34.55,6.59,62,1,26,318,629,33,53,8,4198,173,35.44,138.49,71.3,5.88,126,5,9,160,256,36,58,31,3961,167,21.78,73.75,78.28,5.94,158,7,21,267,117,57,28,10
P042,Rahul Tripathi,Batter,India,CSK,163,33476,18,46.89,,210,78,315,1188,5010,9,272,67,2,Consistent run scorer,8213,5,51.02,162.45,,,210,32,71,157,1047,3,74,16,7005,5,28.41,158.0,,,127,3,83,465,1261,1,84,13,5412,3,52.89,103.24,,,120,22,83,135,966,2,90,30,12846,5,55.23,49.54,,,88,21,78,431,1736,3,24,8
P043,Prithvi Shaw,Batter,India,DC,101,37827,29,39.84,,292,62,196,1188,3056,4,373,101,0,Power hitter,5702,12,32.28,110.85,,,164,5,20,437,856,2,143,15,8123,11,50.4,110.39,,,85,12,70,116,318,1,143,25,10008,1,37.14,81.83,,,75,21,54,135,1031,0,14,28,13994,5,39.55,56.45,,,292,24,52,500,851,1,73,33
P044,Mayank Agarwal,Batter,India,SRH,143,24365,22,43.18,,276,103,287,1015,3481,9,273,87,0,Consistent run scorer,1722,7,40.0,95.89,,,157,17,88,74,821,1,133,17,6995,4,57.77,98.34,,,70,45,64,157,640,3,99,20,5898,9,37.34,171.0,,,131,17,46,550,1221,2,25,38,9750,2,37.59,63.45,,,276,24,89,234,799,3,16,12
P045,Manish Pandey,Batter,India,KKR,71,21356,47,46.4,,207,52,244,1318,6085,5,381,70,5,Consistent run scorer,6156,11,44.67,75.72,,,124,1,93,292,1953,1,110,32,4547,15,43.65,109.16,,,174,4,51,156,1011,3,34,9,10022,14,52.2,77.66,,,117,22,70,373,1088,0,125,12,631,7,45.07,67.81,,,207,25,30,497,2033,1,112,17
P046,Ajinkya Rahane,Batter,India,KKR,192,23397,27,47.06,,200,101,265,1357,4525,4,268,88,1,Chase specialist,2915,6,57.19,144.36,,,177,41,80,51,1212,0,16,18,1339,10,42.69,164.48,,,173,6,45,179,808,0,87,9,6989,4,57.74,131.21,,,156,31,61,497,1589,3,10,23,12154,7,30.63,64.4,,,200,23,79,630,916,1,155,38
P047,Cheteshwar Pujara,Batter,India,CSK,253,38381,32,43.59,,249,104,212,1755,4492,8,277,86,3,Top order batter,5438,12,30.87,134.56,,,92,29,53,550,237,0,35,25,7719,7,42.49,133.08,,,168,20,44,499,1975,3,115,32,13158,6,55.71,113.9,,,189,30,100,482,375,2,37,12,12066,7,45.31,64.81,,,249,25,15,224,1905,3,90,17
P048,Krunal Pandya,All-rounder,India,RCB,167,5103,768,32.12,7.15,236,23,91,685,2229,69,395,105,0,Batting and bowling option,2561,82,27.85,157.81,31.73,8.6,103,3,42,116,509,27,104,43,362,33,37.23,122.64,20.17,7.67,133,4,27,68,612,15,59,6,1755,304,36.07,125.39,24.94,5.95,136,4,2,347,357,6,111,42,425,349,27.34,51.79,30.43,6.37,236,12,20,154,751,21,121,14
P049,Deepak Hooda,All-rounder,India,CSK,270,12793,490,28.0,6.73,182,25,80,768,1183,194,289,104,2,Match-winning all-rounder,1782,92,35.72,106.0,31.07,8.31,182,10,12,211,398,20,33,28,4333,25,20.57,134.69,29.82,6.45,161,0,5,63,182,24,52,28,1955,47,26.37,117.93,76.77,6.22,164,6,29,332,532,30,55,4,4723,326,29.35,72.8,70.17,5.95,80,9,34,162,71,120,149,44
P050,Shivam Dube,All-rounder,India,CSK,264,11208,504,29.62,7.0,96,23,125,631,2195,153,366,94,2,Utility cricketer,3324,12,35.66,159.77,18.81,7.45,89,4,24,348,679,35,84,41,496,19,27.94,76.45,23.47,8.01,96,6,40,196,407,31,69,19,1470,233,25.0,109.82,76.16,6.17,80,9,29,43,529,27,85,13,5918,240,29.89,36.77,78.39,6.38,66,4,32,44,580,60,128,21
P051,Riyan Parag,All-rounder,India,RR,415,16776,328,27.86,6.91,131,33,78,638,2829,172,422,83,4,Utility cricketer,4247,56,31.86,77.71,23.17,6.48,82,6,12,88,438,42,119,41,4389,43,32.57,88.3,27.84,8.55,131,5,18,313,729,16,87,8,5541,177,24.85,102.11,23.23,6.42,61,10,18,138,809,28,113,2,2599,52,22.15,72.13,43.14,6.18,77,12,30,99,853,86,103,32
P052,Dhruv Jurel,Wicket Keeper,India,RR,76,18428,29,27.93,,155,18,201,460,2006,6,323,85,5,Middle order keeper,1752,7,23.86,122.85,,,64,8,69,87,194,2,52,18,3988,15,30.79,105.72,,,69,1,50,52,453,3,100,28,9025,3,33.62,88.35,,,81,1,14,36,1113,0,39,12,3663,4,23.44,41.39,,,155,8,68,285,246,1,132,27
P053,Jitesh Sharma,Wicket Keeper,India,RCB,298,11930,17,37.54,,200,24,134,611,2673,2,353,83,5,Middle order keeper,5596,6,44.22,127.92,,,104,1,39,209,588,0,107,7,1082,0,28.31,83.26,,,139,6,29,257,895,0,28,10,1118,10,38.68,152.27,,,158,13,19,105,100,2,149,40,4134,1,38.94,49.56,,,200,4,47,40,1090,0,69,26
P054,Wriddhiman Saha,Wicket Keeper,India,GT,238,13940,14,35.3,,208,18,140,619,2869,2,334,117,0,Safe keeper,3785,3,30.53,174.07,,,94,8,16,133,1211,0,74,45,3436,7,37.81,112.5,,,104,1,31,116,771,1,126,6,3382,1,26.89,104.42,,,208,4,73,198,302,0,48,36,3337,3,45.95,64.19,,,137,5,20,172,585,1,86,30
P055,Dinesh Karthik,Wicket Keeper,India,RCB,103,19330,36,34.12,,127,34,117,1455,3424,8,368,71,0,Wicket keeper batter,4800,12,44.83,80.27,,,122,10,62,409,1233,0,88,12,3083,3,30.67,144.3,,,90,20,18,424,248,3,135,31,9338,13,37.21,162.36,,,127,1,18,391,736,3,51,6,2109,8,23.76,57.1,,,107,3,19,231,1207,2,94,22
P056,Mohit Sharma,Bowler,India,DC,381,2822,486,13.16,6.44,45,0,8,16,459,162,202,100,2,Strike bowler,638,81,9.96,174.25,26.21,7.69,11,0,2,3,137,41,61,40,315,31,19.02,154.89,16.01,6.47,13,0,4,0,125,72,72,37,671,48,6.91,131.63,33.93,5.94,42,0,2,8,134,46,13,4,1198,326,16.76,36.31,36.99,5.64,45,0,0,5,63,3,56,19
P057,T Natarajan,Bowler,India,DC,260,1996,903,10.74,6.69,61,3,6,82,391,83,250,103,3,New ball specialist,101,84,10.46,86.19,18.47,6.72,43,1,3,2,85,21,20,3,98,28,5.29,96.56,26.35,8.41,61,1,1,5,127,17,93,44,619,515,17.97,157.88,21.81,5.73,17,0,0,57,34,19,82,20,1178,276,9.25,73.76,50.91,5.89,12,1,2,18,145,26,55,36
P058,Avesh Khan,Bowler,India,LSG,27,2317,1061,12.55,6.88,51,1,12,100,264,257,301,122,5,Death overs specialist,437,133,9.02,160.87,24.03,7.84,39,0,4,14,133,53,14,24,787,203,19.44,110.95,27.25,7.96,32,0,2,48,91,65,151,37,101,138,11.89,158.26,54.77,5.75,40,1,2,31,32,62,37,44,992,587,9.86,58.0,28.62,5.97,51,0,4,7,8,77,99,17
P059,Mukesh Kumar,Bowler,India,DC,193,1446,574,14.93,7.2,78,3,12,124,197,294,272,89,1,Wicket taker,457,176,19.9,148.59,19.06,8.45,10,1,3,56,50,49,36,19,525,73,6.54,85.02,25.95,9.12,78,1,2,9,9,7,125,21,156,87,18.2,104.07,28.01,5.69,75,0,4,43,110,33,78,23,308,238,15.07,53.43,17.88,5.55,69,1,3,16,28,205,33,26
P060,Ravi Bishnoi,Bowler,India,LSG,198,1784,1340,12.42,6.77,82,2,6,116,280,138,244,59,0,New ball specialist,724,86,7.17,94.34,24.75,7.08,47,0,3,6,57,79,105,22,406,109,9.67,156.86,27.27,8.24,22,0,3,54,133,30,78,8,344,626,16.88,124.16,37.87,5.94,51,1,0,26,64,7,45,13,310,519,15.95,41.73,44.52,5.82,82,1,0,30,26,22,16,16
P061,Mayank Yadav,Bowler,India,LSG,343,1615,993,12.05,6.51,83,3,11,114,168,366,333,103,0,Wicket taker,525,222,9.02,172.91,22.96,8.91,72,1,2,21,35,80,90,37,632,38,7.94,172.68,24.22,5.87,28,0,3,27,26,11,118,37,11,446,15.78,98.43,69.78,5.54,63,1,2,18,21,36,112,6,447,287,15.46,47.98,57.44,5.71,83,1,4,48,86,239,13,23
P062,Harshit Rana,Bowler,India,KKR,168,1227,1205,14.03,6.83,87,4,12,164,173,300,364,68,4,Wicket taker,331,81,17.85,156.14,24.52,7.56,69,1,2,18,33,15,110,43,339,141,12.85,147.85,28.65,8.33,53,1,2,40,2,29,97,15,316,435,13.44,117.46,55.94,5.73,36,1,4,51,59,72,17,3,241,548,11.97,62.08,34.75,5.7,87,1,4,55,79,184,140,7
P063,Varun Chakravarthy,Bowler,India,KKR,307,1806,737,10.0,6.55,59,3,7,194,219,162,226,89,5,Strike bowler,140,223,5.46,131.92,29.69,5.59,59,1,0,61,22,44,42,17,44,192,12.03,76.24,23.49,8.81,20,1,1,31,7,14,7,35,49,44,9.87,114.76,41.71,5.95,41,1,2,67,98,77,103,17,1573,278,12.64,44.09,55.42,5.86,33,0,4,35,92,27,74,20
P064,Umran Malik,Bowler,India,KKR,28,1718,1044,14.53,6.23,85,2,4,159,506,240,160,67,1,New ball specialist,310,187,9.49,128.15,26.33,5.54,85,0,0,12,120,43,75,21,159,161,17.07,88.28,22.32,7.7,41,0,0,34,107,4,24,7,110,289,15.31,122.44,42.64,5.88,48,1,4,59,147,9,50,25,1139,407,16.25,36.78,48.34,5.79,58,1,0,54,132,184,11,14
P065,Khaleel Ahmed,Bowler,India,CSK,263,3470,659,15.01,6.75,81,3,12,156,249,214,321,80,2,Wicket taker,639,35,14.25,163.57,15.32,6.82,81,1,4,43,23,55,88,38,826,113,11.06,89.15,22.5,8.45,47,1,3,10,144,69,32,12,534,301,19.9,102.14,40.09,5.83,30,0,1,51,61,71,103,1,1471,210,14.82,45.82,30.04,5.91,19,1,4,52,21,19,98,29
P066,Prasidh Krishna,Bowler,India,GT,292,2552,1427,11.91,6.89,68,1,10,118,327,258,338,73,5,Wicket taker,32,93,8.19,166.14,27.03,7.78,68,0,3,64,58,33,49,31,598,201,7.19,78.54,24.37,8.54,25,1,1,21,132,70,112,30,670,526,16.88,172.61,62.09,5.66,38,0,3,4,93,5,141,5,1252,607,15.38,43.13,59.73,5.57,48,0,3,29,44,150,36,7
P067,Navdeep Saini,Bowler,India,RR,61,2956,686,14.97,6.41,59,2,14,86,349,336,181,71,3,Strike bowler,776,51,18.79,101.72,23.63,7.95,11,1,3,33,124,73,55,7,651,197,15.55,105.25,17.62,6.3,49,0,4,26,65,39,9,20,542,326,11.77,142.23,38.18,5.54,33,1,4,21,137,12,42,28,987,112,13.79,51.99,42.0,5.85,59,0,3,6,23,212,75,16
P068,Rahul Chahar,Bowler,India,SRH,214,2567,1048,16.17,6.42,48,3,10,126,279,115,200,110,0,Death overs specialist,717,46,7.76,100.81,21.94,8.6,25,1,3,7,134,25,28,32,101,31,18.58,91.16,26.01,5.61,48,1,2,65,109,22,49,41,191,347,18.87,99.98,29.27,5.87,39,1,3,41,0,42,43,20,1558,624,19.46,47.71,30.02,5.58,5,0,2,13,36,26,80,17
P069,Jaydev Unadkat,Bowler,India,SRH,227,3013,874,10.72,6.33,74,1,8,121,314,295,209,94,2,Death overs specialist,850,81,14.79,158.48,22.33,6.61,72,0,1,20,131,67,100,3,178,175,7.69,162.73,23.31,7.19,23,0,1,64,73,30,9,16,781,375,14.75,102.19,46.48,5.88,25,0,4,5,48,46,88,43,1204,243,5.67,67.2,44.61,5.62,74,1,2,32,62,152,12,32
P070,Steve Smith,Batter,Australia,DC,126,31671,36,50.88,,149,103,372,2057,6207,8,222,103,6,Power hitter,8378,8,57.01,127.81,,,149,11,126,371,1350,3,17,18,5798,9,55.7,111.94,,,93,36,150,676,1932,3,18,26,3721,10,47.24,80.26,,,91,45,42,638,1656,0,35,21,13774,9,43.56,61.97,,,113,11,54,372,1269,2,152,38
P071,David Warner,Batter,Australia,DC,126,37749,40,46.55,,273,91,289,2091,6486,5,292,95,8,Top order batter,7067,9,44.04,108.43,,,122,19,21,805,2367,2,69,24,6411,9,50.19,90.54,,,154,3,22,625,958,0,38,15,8220,14,59.27,152.95,,,88,35,111,382,1258,3,84,34,16051,8,32.69,47.82,,,273,34,135,279,1903,0,101,22
P072,Travis Head,Batter,Australia,SRH,91,14189,21,42.45,,283,124,259,1374,6666,5,328,65,4,Power hitter,2776,7,42.34,130.96,,,181,42,73,489,1676,2,72,32,721,2,33.1,163.66,,,122,37,110,265,1549,3,64,23,5170,7,40.7,101.17,,,141,13,35,218,1329,0,67,3,5522,5,53.64,36.13,,,283,32,41,402,2112,0,125,7
P073,Glenn Maxwell,All-rounder,Australia,PBKS,358,13851,417,28.88,7.36,106,35,78,619,2006,155,467,105,1,Impact player,1647,28,27.77,135.3,31.43,8.7,106,12,4,178,428,33,113,26,933,61,24.26,127.18,24.06,7.98,105,11,43,231,853,27,81,2,7801,253,26.1,148.65,63.19,6.4,82,10,22,173,522,8,131,43,3470,75,37.38,56.08,65.69,6.35,93,2,9,37,203,87,142,34
P074,Mitchell Marsh,All-rounder,Australia,LSG,204,17030,623,30.56,7.38,213,19,109,911,1840,78,362,112,0,Match-winning all-rounder,4497,149,28.73,86.48,29.23,8.3,117,2,22,312,297,20,80,36,3627,74,31.31,144.59,32.05,8.86,92,5,34,123,218,14,22,35,2755,139,33.04,143.97,28.23,6.21,176,12,26,342,590,21,137,33,6151,261,29.18,59.92,77.93,6.14,213,0,27,134,735,23,123,8
P075,Marcus Stoinis,All-rounder,Australia,PBKS,362,13697,687,30.2,6.66,196,26,77,543,2219,204,279,44,2,Finisher,3275,76,25.75,151.32,24.24,8.18,119,9,16,117,415,26,52,0,4039,44,36.75,174.62,34.72,6.0,105,7,18,183,874,39,62,10,4782,283,21.98,154.62,58.42,6.16,140,1,22,130,297,17,102,19,1601,284,36.33,57.34,74.09,6.28,196,9,21,113,633,122,63,15
P076,Cameron Green,All-rounder,Australia,RCB,246,11983,206,30.44,6.85,187,23,36,307,2398,80,497,81,3,Finisher,351,49,35.17,122.99,28.96,7.58,91,9,12,37,76,5,87,19,3293,58,19.09,134.08,26.42,7.65,130,2,7,27,890,37,126,15,1424,66,32.79,142.53,58.77,5.89,173,1,3,41,716,21,144,18,6915,33,34.71,40.78,37.3,6.27,187,11,14,202,716,17,140,29
P077,Pat Cummins,Bowler,Australia,SRH,157,14193,469,21.49,6.32,69,28,89,632,2332,243,276,79,4,Strike bowler,2131,46,21.9,82.76,15.19,7.62,58,5,15,133,793,13,54,18,3030,124,15.79,114.35,26.52,6.2,13,4,12,192,814,74,95,28,4850,177,21.93,95.6,44.91,5.83,33,14,26,218,192,22,75,5,4182,122,26.36,55.18,33.92,5.64,69,5,36,89,533,134,52,28
P078,Mitchell Starc,Bowler,Australia,DC,116,1845,741,12.21,6.75,86,4,4,164,181,287,381,27,2,New ball specialist,295,30,5.58,137.82,25.07,6.02,34,1,1,61,67,7,158,18,57,75,15.56,171.83,23.68,8.98,86,1,2,12,23,11,86,1,323,490,18.13,101.09,37.47,5.99,20,1,0,39,25,75,14,5,1170,146,9.55,65.65,37.91,5.99,48,1,1,52,66,194,123,3
P079,Josh Hazlewood,Bowler,Australia,RCB,299,2673,977,16.31,7.04,65,3,9,159,331,368,384,102,1,Wicket taker,774,164,19.87,136.18,19.83,8.1,60,1,4,69,36,59,51,40,355,110,18.63,85.07,19.56,8.23,42,1,0,20,111,36,90,41,374,207,12.36,110.02,56.87,5.97,54,0,2,48,64,60,93,7,1170,496,14.39,40.87,43.98,5.84,65,1,3,22,120,213,150,14
P080,Adam Zampa,Bowler,Australia,SRH,403,1550,1092,13.23,7.19,74,3,9,116,307,256,239,73,3,Wicket taker,357,103,6.76,99.06,22.07,8.5,74,0,2,3,134,31,133,29,728,56,17.35,151.19,16.91,8.5,52,1,1,39,55,45,16,11,132,376,13.57,145.14,37.32,5.95,68,1,3,57,97,50,80,29,333,557,15.22,71.45,39.48,5.82,50,1,3,17,21,130,10,4
P081,Nathan Lyon,Bowler,Australia,None,215,2552,915,11.3,6.55,64,1,3,123,367,182,454,52,0,Death overs specialist,866,148,13.76,157.65,20.68,7.15,29,0,2,13,113,49,103,21,773,180,5.39,138.11,26.06,7.56,15,1,1,61,96,17,150,5,65,123,15.54,122.18,57.44,5.61,64,0,0,43,60,50,124,6,848,464,10.51,48.59,25.16,5.87,55,0,0,6,98,66,77,20
P082,Alex Carey,Wicket Keeper,Australia,None,120,5154,33,28.02,,185,39,202,782,3160,6,426,55,5,Middle order keeper,1588,15,23.09,156.53,,,66,4,36,99,758,0,137,28,428,5,33.31,159.6,,,64,14,75,394,1052,1,148,20,2638,2,26.93,94.4,,,185,6,35,72,385,3,9,4,500,11,28.77,60.49,,,151,15,56,217,965,2,132,3
P083,Josh Inglis,Wicket Keeper,Australia,PBKS,272,18261,25,36.77,,173,41,156,1166,1312,2,403,114,3,Quick glovework,534,1,30.4,156.55,,,162,8,19,302,172,1,84,38,4051,11,44.07,77.69,,,93,11,58,359,318,0,125,20,7970,9,45.73,121.82,,,173,5,20,229,387,1,110,25,5706,4,26.9,41.83,,,68,17,59,276,435,0,84,31
P084,Marnus Labuschagne,Batter,Australia,None,57,22026,18,46.21,,183,93,366,1780,4693,6,166,136,3,Chase specialist,3881,8,49.01,158.05,,,124,37,107,543,743,3,55,29,8313,0,42.22,122.55,,,183,34,91,360,1003,2,48,30,1216,3,45.5,107.96,,,116,9,113,475,1239,0,54,43,8616,7,48.1,35.53,,,148,13,55,402,1708,1,9,34
P085,Usman Khawaja,Batter,Australia,None,348,18820,25,41.12,,219,73,261,1116,5818,6,377,29,0,Consistent run scorer,3526,0,56.64,126.36,,,80,1,65,405,1135,1,141,0,3677,7,36.87,85.68,,,101,7,56,191,1754,2,48,15,9564,7,29.81,78.69,,,219,35,44,99,2061,3,75,8,2053,11,41.14,54.86,,,177,30,96,421,868,0,113,6
P086,Tim David,Batter,Australia,RCB,229,18056,35,48.23,,191,62,315,1168,6031,6,358,93,2,Top order batter,1217,3,51.39,141.47,,,191,32,116,425,1058,0,98,22,1715,10,53.77,139.03,,,166,10,102,307,1788,1,62,34,10415,14,55.17,130.65,,,103,9,83,52,2054,3,125,8,4709,8,32.58,39.29,,,171,11,14,384,1131,2,73,29
P087,Matthew Wade,Wicket Keeper,Australia,GT,63,13198,30,32.49,,213,29,105,566,3403,6,402,120,0,Wicket keeper batter,1696,6,30.48,83.92,,,173,7,53,33,990,2,81,11,367,4,34.7,151.79,,,201,6,31,414,562,1,21,39,8116,15,22.87,77.2,,,131,8,10,78,1186,2,155,31,3019,5,41.92,59.33,,,213,8,11,41,665,1,145,39
P088,Aaron Finch,Batter,Australia,RCB,403,28646,31,41.99,,292,82,261,630,2864,6,446,77,3,Chase specialist,4259,12,40.91,141.22,,,143,4,65,68,402,2,145,29,6194,4,31.76,120.05,,,190,40,12,90,1587,2,115,21,8708,10,39.07,81.7,,,220,22,114,350,612,1,121,16,9485,5,56.22,35.99,,,292,16,70,122,263,1,65,11
P089,Shane Watson,All-rounder,Australia,CSK,279,12769,338,26.48,7.02,227,25,96,672,1235,86,302,110,0,Match-winning all-rounder,3786,17,25.84,128.6,34.94,8.02,121,7,13,239,483,1,102,1,353,91,23.03,84.01,31.35,7.73,71,10,38,136,175,31,87,33,6637,188,23.04,112.09,70.59,6.07,187,3,41,171,185,28,102,36,1993,42,33.99,67.67,71.19,6.27,227,5,4,126,392,26,11,40
P090,Michael Clarke,Batter,Australia,PWI,323,14865,31,41.28,,99,85,291,1488,4896,7,342,130,2,Century maker,4557,13,43.93,166.06,,,99,7,52,581,1614,0,96,11,3448,13,32.06,168.66,,,81,17,106,75,747,2,70,38,5469,0,53.68,172.46,,,98,20,99,632,1566,2,70,37,1391,5,35.44,59.62,,,76,41,34,200,969,3,106,44
P091,Brett Lee,Bowler,Australia,KKR,215,2018,870,13.13,6.45,86,2,8,95,418,300,282,78,3,Wicket taker,511,212,14.41,173.62,20.37,5.96,63,0,0,17,54,7,116,22,650,189,8.86,167.63,22.65,8.73,86,1,4,13,84,80,24,20,635,203,16.64,78.07,54.25,5.56,67,1,3,58,140,37,128,17,222,266,12.62,61.74,59.62,5.56,16,0,1,7,140,176,14,19
P092,Shaun Marsh,Batter,Australia,PBKS,93,17513,24,43.51,,170,148,258,1367,6115,7,214,133,1,Chase specialist,1523,2,47.43,98.5,,,170,45,49,350,1983,2,57,11,1748,15,42.0,133.51,,,142,31,44,350,1431,3,20,41,7068,3,54.5,162.61,,,111,39,102,516,772,2,60,40,7174,4,30.12,58.24,,,81,33,63,151,1929,0,77,41
P093,Joe Root,Batter,England,RR,397,46352,23,57.85,,277,113,363,1317,4939,5,286,95,4,Top order batter,10422,1,56.53,108.9,,,219,14,47,265,1520,0,27,10,10902,5,63.79,171.63,,,146,45,107,504,888,2,131,45,15139,13,59.06,111.98,,,77,23,147,278,1131,1,86,22,9889,4,52.02,49.35,,,277,31,62,270,1400,2,42,18
P094,Ben Stokes,All-rounder,England,CSK,143,13401,509,29.76,7.21,142,24,127,496,1370,226,447,88,1,Match-winning all-rounder,2342,67,35.12,118.2,18.69,9.12,142,11,24,141,142,38,153,32,1519,41,19.79,169.87,24.55,7.36,107,10,42,77,477,36,150,33,5897,358,33.4,151.9,77.78,6.33,81,3,36,230,625,12,78,2,3643,43,30.73,46.04,44.13,6.04,129,0,25,48,126,140,66,21
P095,Jos Buttler,Wicket Keeper,England,GT,342,13519,35,32.63,,206,28,140,767,2886,3,338,128,5,Explosive keeper batter,331,8,25.54,101.05,,,206,4,45,230,729,0,87,20,5964,6,32.11,155.52,,,115,7,50,210,1169,2,35,41,5992,6,44.68,122.61,,,143,15,37,117,540,1,93,25,1232,15,28.21,72.05,,,98,2,8,210,448,0,123,42
P096,Jonny Bairstow,Wicket Keeper,England,PBKS,130,11158,29,29.56,,246,28,222,1019,2278,8,266,117,4,Explosive keeper batter,4617,1,32.86,146.31,,,128,11,66,274,849,3,64,42,589,13,39.06,89.02,,,220,3,59,209,343,3,6,22,1165,9,23.43,147.53,,,135,6,66,92,691,0,60,16,4787,6,22.88,60.44,,,246,8,31,444,395,2,136,37
P097,Harry Brook,Batter,England,DC,414,20551,17,43.75,,264,108,354,1259,3533,6,330,78,1,Chase specialist,8340,3,44.39,137.6,,,151,5,31,175,767,0,71,41,5165,11,57.73,165.58,,,185,45,101,636,233,3,68,24,6377,3,41.56,112.34,,,70,14,110,313,2094,0,126,8,669,0,31.31,59.77,,,264,44,112,135,439,3,65,5
P098,Liam Livingstone,All-rounder,England,RCB,141,14180,477,28.6,6.9,153,20,90,824,1931,208,373,64,1,Match-winning all-rounder,1919,130,33.02,123.42,35.58,6.79,132,4,12,346,275,1,105,7,3748,24,30.96,133.07,23.2,8.11,79,12,30,31,840,28,79,22,7088,281,24.39,154.04,67.72,6.43,153,1,4,295,122,34,130,8,1425,42,26.04,49.28,62.87,6.28,133,3,44,152,694,145,59,27
P099,Moeen Ali,All-rounder,England,KKR,241,18467,593,31.04,7.2,195,18,78,819,864,173,433,69,4,Batting and bowling option,1817,37,25.58,115.73,30.21,9.27,86,4,16,166,435,38,103,12,4157,124,31.89,119.38,21.25,7.26,178,0,4,310,166,31,147,6,7833,237,29.75,142.37,18.82,6.01,143,11,35,233,94,6,83,38,4660,195,36.94,52.0,29.19,6.27,195,3,23,110,169,98,100,13
P100,Sam Curran,All-rounder,England,CSK,204,9690,745,25.34,7.45,182,17,93,1143,2269,202,265,71,5,Batting and bowling option,664,100,20.42,101.56,30.55,7.96,170,1,2,309,734,38,33,44,1434,126,33.1,96.23,28.55,9.33,72,10,5,203,622,45,74,12,4065,285,26.91,139.27,32.71,6.13,115,2,41,282,823,10,52,0,3527,234,20.93,68.58,64.56,6.37,182,4,45,349,90,109,106,15
P101,Jofra Archer,Bowler,England,RR,401,2720,1326,10.86,6.14,76,2,6,42,313,104,193,71,3,Death overs specialist,298,28,5.42,128.64,15.24,5.9,71,1,3,11,145,61,41,5,382,152,17.52,106.28,26.06,7.04,26,0,0,29,98,17,35,34,520,583,5.52,103.65,55.87,5.68,76,1,2,0,65,11,77,17,1520,563,14.99,46.26,38.59,5.93,76,0,1,2,5,15,40,15
P102,Mark Wood,Bowler,England,LSG,104,3155,1139,12.22,7.07,84,0,9,114,183,191,504,38,2,Death overs specialist,425,111,13.52,126.14,21.72,7.66,33,0,0,2,47,67,87,11,484,46,18.72,134.39,15.95,9.06,66,0,3,56,32,29,155,0,787,337,8.43,162.53,16.71,5.82,7,0,4,28,10,30,115,3,1459,645,8.23,50.2,59.51,5.73,84,0,2,28,94,65,147,24
P103,Adil Rashid,Bowler,England,None,266,2094,1009,7.25,6.71,84,2,9,130,390,269,273,92,4,Spin option,430,107,11.8,164.81,16.91,5.97,52,0,2,69,98,51,86,2,709,114,5.08,151.44,26.77,9.1,21,1,2,24,126,38,150,22,142,421,6.85,135.3,69.49,5.84,84,1,4,17,131,50,24,34,813,367,5.29,67.02,18.26,5.93,36,0,1,20,35,130,13,34
P104,Chris Woakes,All-rounder,England,PBKS,262,2273,603,32.67,7.11,140,28,102,648,2295,169,377,90,1,Impact player,945,159,37.98,110.86,31.72,7.43,140,9,12,282,704,16,114,10,606,23,36.15,85.61,19.15,8.96,68,11,45,126,523,2,65,45,453,171,28.6,163.59,40.45,6.1,91,4,40,195,492,39,136,28,269,250,27.95,36.47,55.58,5.95,70,4,5,45,576,112,62,7
P105,Phil Salt,Wicket Keeper,England,RCB,231,18962,35,30.81,,218,38,126,694,2893,4,201,108,2,Quick glovework,4095,7,28.08,160.94,,,74,5,7,297,695,2,37,9,2962,3,42.63,123.41,,,218,6,71,103,958,0,60,18,2700,12,25.09,116.44,,,66,14,8,256,628,1,16,37,9205,13,27.44,73.35,,,199,13,40,38,612,1,88,44
P106,Dawid Malan,Batter,England,PBKS,235,33020,31,35.41,,179,124,196,876,5426,8,289,89,5,Top order batter,1540,10,31.62,104.13,,,175,30,41,65,1191,3,94,28,8363,10,29.0,79.89,,,179,33,112,153,2108,2,68,11,14610,10,34.73,114.74,,,98,43,21,102,1266,3,85,22,8507,1,46.27,72.84,,,161,18,22,556,861,0,42,28
P107,Reece Topley,Bowler,England,MI,143,3333,940,17.02,6.38,47,2,8,105,261,256,310,100,2,New ball specialist,828,214,19.39,86.47,22.53,5.58,41,0,3,50,62,11,49,20,492,148,19.5,98.38,29.93,8.62,25,0,2,10,98,79,109,36,446,82,10.15,127.85,39.48,5.64,9,1,0,29,46,60,53,40,1567,496,19.03,61.42,31.22,5.7,47,1,3,16,55,106,99,4
P108,Eoin Morgan,Batter,England,KKR,182,36814,53,45.1,,258,74,354,1792,3063,3,313,126,1,Consistent run scorer,4447,12,33.81,97.69,,,79,23,77,594,858,3,111,25,4021,15,53.21,122.16,,,138,25,113,639,254,0,82,34,13397,15,51.47,90.01,,,204,15,57,64,593,0,39,26,14949,11,41.92,67.51,,,258,11,107,495,1358,0,81,41
P109,Kevin Pietersen,Batter,England,DC,349,25199,33,49.73,,154,100,303,1157,5174,5,249,127,4,Power hitter,3423,0,53.73,89.5,,,82,39,63,322,1570,1,139,22,3301,10,43.74,171.92,,,154,20,31,263,607,1,52,27,3804,11,48.54,92.98,,,77,22,98,165,2009,2,51,44,14671,12,52.89,42.92,,,75,19,111,407,988,1,7,34
P110,Stuart Broad,Bowler,England,None,175,1973,896,13.65,6.88,63,1,2,117,250,227,365,71,0,Death overs specialist,496,145,11.66,91.64,27.31,8.85,6,1,1,41,114,46,101,25,678,59,12.87,84.23,15.01,7.34,53,0,1,1,41,36,121,3,782,528,19.03,141.26,48.65,5.56,63,0,0,48,7,43,111,9,17,164,11.03,59.55,57.96,5.76,49,0,0,27,88,102,32,34
P111,James Anderson,Bowler,England,None,360,2638,1053,14.42,6.63,52,3,8,132,364,155,201,107,3,New ball specialist,200,224,15.71,78.64,18.45,8.35,32,1,3,16,137,29,44,23,503,117,11.54,139.73,21.71,6.79,52,1,1,28,28,20,72,6,560,324,18.83,161.18,48.09,5.62,50,1,2,69,116,12,23,37,1375,388,11.6,53.27,69.41,5.77,39,0,2,19,83,94,62,41
P112,Jason Roy,Batter,England,KKR,334,27370,18,39.55,,213,137,171,1338,6199,4,404,115,2,Top order batter,4158,1,30.43,100.74,,,77,43,17,482,835,2,87,15,4914,6,38.6,125.55,,,213,44,106,314,1834,2,157,14,13374,3,41.49,114.65,,,167,24,13,277,1626,0,143,45,4924,8,47.67,71.12,,,164,26,35,265,1904,0,17,41
P113,Kane Williamson,Batter,New Zealand,GT,273,28778,32,53.3,,187,98,307,2352,8233,3,358,79,9,Top order batter,6791,14,55.48,172.94,,,155,18,39,631,2072,0,100,21,5366,2,52.24,81.59,,,162,42,116,573,1949,3,73,4,13092,6,52.33,86.1,,,87,23,43,712,1411,0,129,41,3529,10,53.17,49.78,,,187,15,109,436,2801,0,56,13
P114,Devon Conway,Wicket Keeper,New Zealand,CSK,210,16875,21,38.27,,212,33,147,638,2165,6,427,65,1,Middle order keeper,3583,5,32.83,156.38,,,134,0,65,297,456,1,25,44,5990,1,44.8,153.23,,,119,7,25,117,415,1,148,1,1452,7,33.16,90.05,,,109,20,24,118,953,3,117,9,5850,8,42.29,44.24,,,212,6,33,106,341,1,137,11
P115,Daryl Mitchell,All-rounder,New Zealand,CSK,208,16054,536,27.84,7.2,177,21,97,939,1600,171,102,118,4,Match-winning all-rounder,4212,58,34.56,165.49,21.91,9.49,134,0,21,317,237,39,11,26,3631,118,33.56,88.19,26.89,6.9,60,4,2,189,446,12,12,26,4752,303,19.55,135.1,56.01,6.42,75,9,34,268,839,6,16,37,3459,57,23.67,66.71,52.58,5.99,177,8,40,165,78,114,63,29
P116,Glenn Phillips,All-rounder,New Zealand,GT,255,16051,745,25.61,6.9,174,26,112,600,2388,63,280,101,4,Utility cricketer,3046,150,24.3,100.34,30.89,7.08,69,6,9,31,311,4,71,42,1670,92,26.47,106.67,31.15,7.67,150,8,41,323,413,18,94,19,5545,237,21.04,105.85,63.4,6.39,174,11,17,185,807,19,37,30,5790,266,30.64,65.23,48.47,6.47,137,1,45,61,857,22,78,10
P117,Rachin Ravindra,All-rounder,New Zealand,CSK,156,16552,679,25.39,7.03,220,24,90,606,2323,150,403,70,3,Finisher,4012,156,20.47,134.76,24.21,8.88,99,4,20,143,824,5,37,29,1248,107,21.95,76.22,35.57,6.81,157,12,25,39,231,6,92,9,6586,201,23.24,109.86,65.06,5.94,179,7,29,295,858,34,156,2,4706,215,35.89,52.41,34.12,6.48,220,1,16,129,410,105,118,30
P118,Mitchell Santner,All-rounder,New Zealand,MI,361,9545,750,29.9,7.57,166,19,135,556,1013,88,417,61,5,Match-winning all-rounder,1412,17,19.32,84.37,25.53,8.87,82,1,38,334,216,31,155,4,2136,78,24.97,157.08,22.03,9.48,166,8,36,49,276,13,135,28,4424,299,37.9,123.08,47.09,5.85,95,9,41,55,319,8,34,18,1573,356,37.4,49.78,61.24,6.09,68,1,20,118,202,36,93,11
P119,Tim Southee,Bowler,New Zealand,KKR,105,3012,578,14.28,6.51,89,1,5,125,378,349,258,76,4,New ball specialist,214,116,18.34,86.81,28.02,6.29,62,0,3,26,108,35,110,6,835,160,15.04,90.79,25.64,8.22,68,0,0,12,106,14,47,30,533,132,12.71,108.55,21.0,5.65,13,1,0,43,134,56,49,12,1430,170,11.02,65.6,61.66,5.87,89,0,2,44,30,244,52,28
P120,Trent Boult,Bowler,New Zealand,MI,152,2450,1315,10.56,6.59,60,1,5,141,331,188,292,55,3,Strike bowler,649,169,12.29,172.95,23.12,6.58,60,0,0,9,34,67,89,1,779,135,15.26,99.49,18.63,8.29,49,0,1,38,127,51,103,34,872,412,7.79,163.37,32.1,5.54,5,0,0,33,68,38,94,14,150,599,6.91,60.43,65.37,5.94,51,1,4,61,102,32,6,6
P121,Lockie Ferguson,Bowler,New Zealand,PBKS,220,1790,1198,10.66,6.7,56,2,8,162,213,202,336,104,0,Strike bowler,674,125,13.01,79.37,28.36,7.37,56,0,1,69,46,57,6,24,359,210,6.83,81.74,25.25,8.33,32,0,2,25,14,45,131,45,662,487,6.25,140.91,64.97,5.58,46,1,4,51,40,42,45,9,95,376,16.55,65.15,21.51,5.5,34,1,1,17,113,58,154,26
P122,Matt Henry,Bowler,New Zealand,LSG,118,1903,626,11.43,6.58,57,2,9,113,203,193,434,91,1,Death overs specialist,619,120,11.53,96.44,24.98,6.2,36,0,4,69,75,3,145,22,329,83,11.81,162.32,17.94,8.8,24,0,3,16,4,73,140,27,81,370,10.02,148.72,47.08,5.56,8,1,0,20,9,40,130,31,874,53,12.36,55.64,63.43,5.77,57,1,2,8,115,77,19,11
P123,Finn Allen,Batter,New Zealand,RCB,121,25158,15,49.64,,196,114,218,1383,6777,7,420,99,5,Consistent run scorer,8297,5,57.95,84.27,,,134,14,14,94,1037,3,74,10,4882,2,36.94,100.07,,,161,36,91,493,1879,0,85,42,6617,2,54.34,162.17,,,196,27,59,530,2144,2,143,16,5362,6,49.32,59.38,,,155,37,54,266,1717,2,118,31
P124,Tom Latham,Wicket Keeper,New Zealand,None,390,19698,14,33.83,,138,20,229,818,3223,8,219,61,1,Wicket keeper batter,6061,3,31.74,123.47,,,126,4,74,46,579,2,9,2,939,0,30.78,89.9,,,138,3,43,247,1126,2,47,23,6194,7,31.28,163.01,,,96,0,67,174,721,2,150,32,6504,4,41.53,68.14,,,104,13,45,351,797,2,13,4
P125,Ross Taylor,Batter,New Zealand,RCB,65,10683,30,39.36,,176,123,352,1087,4437,5,254,90,5,Consistent run scorer,841,4,39.72,172.69,,,100,26,102,191,1811,0,41,19,3110,10,38.91,81.42,,,112,39,119,503,1621,3,55,8,3957,10,38.88,121.77,,,144,15,41,310,226,2,12,34,2775,6,39.93,69.28,,,176,43,90,83,779,0,146,29
P126,Brendon McCullum,Wicket Keeper,New Zealand,KKR,72,19683,20,29.32,,197,31,221,722,3374,7,313,150,5,Middle order keeper,6198,5,25.79,121.42,,,197,18,43,149,1238,2,39,41,3212,12,42.48,150.61,,,95,0,54,76,414,3,121,37,9017,3,25.21,122.56,,,82,13,73,233,1288,1,97,38,1256,0,23.79,40.38,,,174,0,51,264,434,1,56,34
P127,Martin Guptill,Batter,New Zealand,SRH,261,35807,26,40.05,,220,74,243,733,4040,7,389,56,0,Chase specialist,7055,1,35.59,91.48,,,216,3,102,78,715,0,113,0,3815,3,37.83,104.43,,,109,44,82,207,1134,3,107,33,11048,9,47.66,76.32,,,127,7,32,253,656,3,134,21,13889,13,39.13,52.97,,,220,20,27,195,1535,1,35,2
P128,AB de Villiers,Batter,South Africa,RCB,26,37093,24,45.87,,216,134,305,2302,7349,8,420,62,8,Power hitter,8618,1,41.94,162.89,,,157,28,127,467,1124,2,94,17,9998,2,36.36,172.02,,,216,25,58,532,1980,3,149,20,5684,7,51.33,109.9,,,203,37,101,659,1959,3,131,8,12793,14,53.86,54.32,,,122,44,19,644,2286,0,46,17
P129,Faf du Plessis,Batter,South Africa,RCB,384,23148,35,53.84,,167,107,204,1586,4529,9,418,89,5,Consistent run scorer,7688,8,51.04,122.67,,,167,10,70,561,1166,3,95,4,1628,1,58.0,138.34,,,71,17,90,480,1089,3,139,16,6088,11,50.43,144.81,,,130,35,33,357,1532,2,96,40,7744,15,55.89,54.4,,,115,45,11,188,742,1,88,29
P130,Quinton de Kock,Wicket Keeper,South Africa,KKR,326,16133,16,38.68,,198,43,210,1252,2368,5,330,89,0,Quick glovework,2651,0,42.32,165.21,,,198,8,5,121,687,1,33,39,2051,7,43.78,157.12,,,159,9,62,318,160,1,100,6,3519,6,31.73,136.17,,,169,13,74,387,525,2,119,5,7912,3,36.9,43.62,,,152,13,69,426,996,1,78,39
P131,Aiden Markram,Batter,South Africa,LSG,107,24542,27,37.71,,235,81,115,1833,4357,5,392,54,3,Consistent run scorer,5119,4,29.8,121.46,,,146,15,15,285,861,0,83,4,7078,12,52.35,171.75,,,125,1,23,420,1283,2,15,21,6293,4,29.26,168.77,,,112,41,48,628,2061,3,143,26,6052,7,39.42,36.42,,,235,24,29,500,152,0,151,3
P132,Heinrich Klaasen,Wicket Keeper,South Africa,SRH,160,17015,26,28.37,,225,49,128,1125,2714,1,350,97,0,Explosive keeper batter,1189,6,38.35,128.35,,,132,11,15,76,975,0,150,18,3734,8,23.36,86.38,,,74,18,32,435,921,0,34,43,9916,6,29.39,125.05,,,216,14,61,437,737,0,86,16,2176,6,22.39,63.52,,,225,6,20,177,81,1,80,20
P133,David Miller,Batter,South Africa,LSG,383,9198,16,41.56,,298,116,240,1654,4036,11,269,35,2,Chase specialist,1949,14,29.35,105.05,,,196,25,55,455,1209,3,16,4,907,2,34.48,82.2,,,130,43,34,420,847,2,75,31,2982,0,52.51,118.36,,,89,29,94,493,699,3,66,0,3360,0,49.89,54.65,,,298,19,57,286,1281,3,112,0
P134,Marco Jansen,All-rounder,South Africa,PBKS,310,11622,682,23.39,6.94,168,25,94,613,2234,89,495,125,5,Finisher,1874,120,20.01,174.53,23.09,6.61,93,7,19,47,844,33,103,26,3370,55,29.24,130.71,18.35,9.23,133,4,31,103,706,13,116,38,5624,246,18.28,126.91,19.81,5.92,168,3,13,184,345,11,124,43,754,261,26.05,49.18,35.89,6.0,144,11,31,279,339,32,152,18
P135,Kagiso Rabada,Bowler,South Africa,GT,229,2177,1195,12.88,6.75,72,1,10,111,358,117,386,87,3,Strike bowler,526,225,14.79,146.36,20.72,7.76,10,0,2,64,73,7,107,17,875,122,17.68,116.81,15.96,7.86,35,1,4,9,27,28,79,19,127,460,6.04,106.04,55.46,5.58,72,0,1,21,114,16,145,23,649,388,12.99,68.73,28.13,5.82,63,0,3,17,144,66,55,28
P136,Anrich Nortje,Bowler,South Africa,KKR,236,2987,1478,11.77,6.44,40,3,12,215,366,203,385,84,4,Wicket taker,542,193,6.37,158.79,24.38,7.27,40,1,1,64,106,39,68,33,613,134,14.1,102.01,25.09,7.16,30,1,3,40,51,22,145,15,729,596,14.27,144.42,16.82,5.78,25,1,4,60,80,74,19,4,1103,555,12.32,36.7,45.14,5.54,6,0,4,51,129,68,153,32
P137,Lungi Ngidi,Bowler,South Africa,RCB,170,2585,1107,13.12,6.76,67,0,11,171,219,236,346,64,5,Wicket taker,102,207,5.38,155.22,15.31,7.8,40,0,4,55,121,53,11,23,561,64,15.85,76.88,15.51,7.73,5,0,4,21,0,13,125,11,386,387,19.63,158.81,65.56,5.89,67,0,1,32,0,66,89,9,1536,449,11.61,44.29,47.62,5.63,60,0,2,63,98,104,121,21
P138,Tabraiz Shamsi,Bowler,South Africa,None,86,2695,1213,11.62,6.63,70,1,6,114,485,319,269,77,2,Spin option,819,150,5.15,136.02,15.65,6.12,32,0,2,22,126,17,75,1,796,69,13.96,159.89,26.74,9.06,70,0,1,69,121,12,16,7,227,390,8.71,128.08,46.63,5.54,52,1,1,15,140,51,97,40,853,604,18.65,70.02,16.78,5.79,17,0,2,8,98,239,81,29
P139,Keshav Maharaj,Bowler,South Africa,RR,222,2231,1074,13.18,7.31,83,4,5,144,233,303,473,72,1,Strike bowler,805,176,10.38,158.42,25.85,8.41,83,1,1,28,94,50,41,25,18,152,17.23,76.99,16.04,8.99,53,1,3,32,52,66,159,3,625,210,10.5,95.95,52.82,5.92,17,1,1,57,2,51,114,40,783,536,14.62,73.35,58.08,5.92,32,1,0,27,85,136,159,4
P140,Temba Bavuma,Batter,South Africa,None,69,29238,41,37.45,,185,88,261,1317,4077,6,277,87,2,Century maker,5257,10,29.98,156.34,,,87,30,61,234,1473,2,24,16,5337,12,32.15,159.45,,,142,28,110,333,801,0,13,19,8913,7,50.82,104.59,,,185,24,38,167,1075,1,139,17,9731,12,36.84,35.92,,,134,6,52,583,728,3,101,35
P141,Rilee Rossouw,Batter,South Africa,PBKS,85,32876,32,38.21,,263,86,303,1551,6750,8,370,75,1,Consistent run scorer,1957,10,52.97,157.97,,,216,18,55,459,1814,1,103,6,7979,6,32.95,136.32,,,189,16,120,579,1578,3,36,24,11559,15,36.4,174.43,,,194,21,72,149,1316,2,81,4,11381,1,30.52,73.62,,,263,31,56,364,2042,2,150,41
P142,Dale Steyn,Bowler,South Africa,SRH,64,2123,1212,12.03,6.25,54,2,8,79,314,237,240,104,3,Death overs specialist,169,66,11.25,109.01,16.28,6.23,10,0,0,10,87,70,15,38,648,141,9.62,88.1,18.83,6.82,10,1,4,38,98,80,78,26,751,373,17.37,173.14,19.27,5.98,31,1,4,17,115,52,64,28,555,632,9.87,46.24,52.68,5.98,54,0,0,14,14,35,83,12
P143,Hashim Amla,Batter,South Africa,PBKS,103,24694,24,49.48,,166,51,216,1458,4763,1,459,111,5,Chase specialist,1828,4,36.05,95.49,,,166,28,41,640,963,0,126,30,7783,1,57.06,145.9,,,136,2,52,146,1843,1,159,32,11076,10,53.16,104.68,,,164,6,108,451,295,0,87,9,4007,9,51.64,50.63,,,146,15,15,221,1662,0,87,40
P144,Jacques Kallis,All-rounder,South Africa,KKR,340,12963,156,28.37,7.25,180,17,64,878,1519,135,307,123,1,Finisher,3243,15,19.87,99.12,28.65,8.16,81,4,4,162,268,7,143,44,4251,18,30.25,88.93,20.3,8.46,180,7,34,242,487,44,110,45,4853,48,35.92,80.81,64.13,6.27,137,1,12,350,261,17,49,25,616,75,27.43,65.8,21.68,6.13,171,5,14,124,503,67,5,9
P145,Babar Azam,Batter,Pakistan,None,414,43474,33,46.81,,213,118,401,1412,8065,10,372,81,4,Top order batter,8843,3,60.82,132.1,,,122,22,103,307,2099,3,97,43,6624,12,40.55,165.48,,,84,19,135,504,2565,3,103,7,15380,15,45.62,125.8,,,213,36,125,366,1531,3,28,7,12627,3,40.26,35.57,,,189,41,38,235,1870,1,144,24
P146,Mohammad Rizwan,Wicket Keeper,Pakistan,None,214,21053,52,27.34,,184,39,155,1184,2434,8,487,68,0,Explosive keeper batter,3957,12,27.95,129.51,,,77,17,29,417,879,2,134,30,1477,10,22.19,119.51,,,141,1,65,242,174,3,120,9,7949,15,25.46,147.73,,,184,12,51,375,1007,0,110,18,7670,15,33.75,35.45,,,176,9,10,150,374,3,123,11
P147,Shaheen Afridi,Bowler,Pakistan,None,72,2987,535,11.22,6.72,81,1,6,95,189,225,403,117,4,New ball specialist,865,90,12.92,135.04,23.73,8.71,45,1,2,18,35,59,109,28,892,45,8.51,77.05,19.66,6.67,72,0,1,15,56,71,47,27,780,120,5.76,172.1,50.46,5.59,81,0,0,12,60,59,115,45,450,280,17.71,36.75,51.55,5.92,52,0,3,50,38,36,132,17
P148,Haris Rauf,Bowler,Pakistan,None,51,1769,1120,12.46,6.76,51,3,11,114,348,353,465,77,5,Spin option,246,203,16.84,83.03,16.11,7.08,25,1,3,33,81,59,103,2,254,211,17.48,124.59,26.73,8.04,30,0,4,28,29,29,157,26,685,386,7.85,137.94,60.46,6.0,51,1,4,36,137,33,72,9,584,320,7.68,42.96,33.9,5.92,18,1,0,17,101,232,133,40
P149,Shadab Khan,All-rounder,Pakistan,None,241,16867,635,26.7,6.67,129,19,121,948,1515,176,401,58,1,Finisher,1860,32,26.84,92.09,27.24,6.25,58,6,42,182,425,37,143,3,3806,101,26.25,103.4,23.05,8.23,125,8,18,225,288,15,32,28,7001,192,23.49,98.9,69.85,6.08,85,2,43,333,739,25,145,2,4200,310,30.24,68.7,23.59,6.11,129,3,18,208,63,99,81,25
P150,Fakhar Zaman,Batter,Pakistan,None,197,26455,41,47.16,,270,93,346,1585,2653,10,293,99,2,Power hitter,7213,14,51.72,127.96,,,210,4,100,236,280,2,110,24,2757,15,38.35,101.79,,,133,36,110,411,921,3,59,34,11745,9,50.39,134.14,,,151,32,38,441,317,2,92,15,4740,3,48.17,40.69,,,270,21,98,497,1135,3,32,26
P151,Imam-ul-Haq,Batter,Pakistan,None,65,35187,18,45.15,,183,150,184,1717,4418,8,236,59,4,Century maker,4522,6,34.88,161.4,,,91,40,51,577,1633,1,34,30,2426,10,38.86,88.2,,,183,45,45,418,487,2,35,1,14170,0,55.48,155.91,,,103,26,19,644,1469,3,94,20,14069,2,51.37,44.57,,,100,39,69,78,829,2,73,8
P152,Naseem Shah,Bowler,Pakistan,None,383,2872,979,9.4,6.52,88,0,9,168,467,263,426,37,3,Death overs specialist,856,211,14.65,103.33,22.73,7.11,35,0,3,63,143,58,86,23,453,188,9.26,138.19,21.91,7.44,77,0,2,67,94,31,118,6,315,91,5.64,134.89,48.02,5.69,73,0,3,5,110,60,136,0,1248,489,8.06,68.87,15.47,5.84,88,0,1,33,120,114,86,8
P153,Mohammad Nawaz,All-rounder,Pakistan,None,240,9178,613,25.58,6.74,178,21,100,489,1770,83,189,75,5,Match-winning all-rounder,898,68,32.98,141.03,18.89,6.43,73,9,18,78,619,30,19,2,3066,125,22.9,146.99,26.32,8.35,173,5,41,71,302,3,33,23,1778,223,20.67,171.66,76.76,6.06,178,0,33,144,147,25,86,40,3436,197,25.77,64.76,37.07,6.12,108,7,8,196,702,25,51,10
P154,Iftikhar Ahmed,All-rounder,Pakistan,None,279,10736,633,29.25,6.59,187,29,88,641,2170,151,318,71,0,Impact player,777,140,34.04,137.18,24.24,6.49,138,6,25,131,147,29,66,26,4253,155,28.02,94.71,27.99,7.51,81,11,20,49,822,3,150,1,2684,245,28.47,154.07,25.54,6.41,187,0,25,346,652,41,91,15,3022,93,26.48,59.24,27.43,5.96,180,12,18,115,549,78,11,29
P155,Saim Ayub,Batter,Pakistan,None,227,28594,36,37.95,,198,104,249,1694,5139,7,360,92,5,Century maker,5718,14,33.85,81.29,,,99,43,38,313,666,3,157,13,2738,2,52.45,144.52,,,197,12,91,593,1177,0,124,31,10876,12,36.4,123.31,,,195,25,30,200,1819,2,48,4,9262,8,29.11,64.06,,,198,24,90,588,1477,2,31,44
P156,Azam Khan,Wicket Keeper,Pakistan,None,336,17774,33,35.41,,215,45,168,943,2710,4,278,98,0,Safe keeper,4740,13,39.58,136.73,,,172,5,12,181,901,1,111,26,756,0,26.26,99.38,,,215,19,41,165,594,2,54,5,5695,9,44.17,151.3,,,178,12,41,197,93,1,47,34,6583,11,31.62,38.78,,,191,9,74,400,1122,0,66,33
P157,Mohammad Amir,Bowler,Pakistan,None,63,2784,1080,16.29,6.53,82,2,4,144,499,160,328,111,0,Wicket taker,429,175,14.01,109.35,17.49,5.89,25,0,2,18,142,28,119,29,154,87,12.63,161.86,17.35,8.56,24,1,0,38,124,31,44,0,622,567,19.88,160.41,21.25,5.72,50,1,0,30,121,56,148,40,1579,251,18.64,54.16,43.17,5.96,82,0,2,58,112,45,17,42
P158,Shoaib Malik,All-rounder,Pakistan,None,86,8955,269,28.84,6.74,238,23,86,561,1382,125,350,79,4,Utility cricketer,2338,71,35.83,158.52,18.77,6.73,169,4,16,228,620,34,84,9,1652,135,22.11,78.15,34.18,7.8,67,5,41,103,126,13,79,15,1983,27,23.01,139.89,60.77,6.24,172,7,24,119,101,24,133,24,2982,36,34.4,66.07,69.78,6.2,238,7,5,111,535,54,54,31
P159,Shahid Afridi,All-rounder,Pakistan,None,337,15361,485,29.84,7.28,189,21,107,709,1750,159,284,148,1,Utility cricketer,2977,29,23.61,163.02,19.21,7.9,61,12,32,255,217,45,140,37,3211,40,30.76,154.22,33.93,8.57,112,5,20,110,785,45,68,38,4025,148,33.22,158.94,35.37,6.38,189,4,14,192,675,20,45,28,5148,268,31.77,56.35,59.82,6.25,174,0,41,152,73,49,31,45
P160,Wasim Akram,Bowler,Pakistan,None,417,2887,1176,11.56,6.63,82,3,5,177,266,369,272,49,3,Wicket taker,230,53,10.15,97.58,26.66,8.86,81,1,0,43,93,23,48,16,799,110,16.29,105.11,23.32,5.97,82,1,2,63,30,55,83,1,767,576,12.82,79.28,55.54,5.71,48,1,3,16,2,74,106,20,1091,437,6.97,46.75,26.48,5.98,59,0,0,55,141,217,35,12
P161,Waqar Younis,Bowler,Pakistan,None,206,3215,1262,7.87,6.44,89,1,9,183,223,185,407,51,5,New ball specialist,779,187,9.41,118.24,23.25,8.25,59,1,1,52,143,66,19,15,764,124,6.3,129.52,18.76,5.84,34,0,4,14,1,25,158,12,505,617,5.45,86.25,26.22,5.73,89,0,4,63,4,79,114,16,1167,334,10.3,68.99,24.86,5.93,34,0,0,54,75,15,116,8
P162,Kumar Sangakkara,Wicket Keeper,Sri Lanka,SRH,476,20546,34,37.45,,213,67,132,1341,3505,6,255,61,5,Quick glovework,3136,14,51.65,97.92,,,213,19,32,206,846,0,16,36,7221,7,33.45,118.52,,,197,4,36,308,1407,1,23,20,4265,7,33.72,102.56,,,99,20,15,283,405,2,141,1,5924,6,30.97,44.78,,,84,24,49,544,847,3,75,4
P163,Mahela Jayawardene,Batter,Sri Lanka,MI,278,10438,26,47.51,,274,43,220,1401,2144,7,271,107,3,Chase specialist,4688,4,39.29,114.12,,,92,11,99,538,184,3,42,30,1249,15,54.38,93.98,,,77,20,36,403,157,0,83,25,2256,4,55.53,97.53,,,220,4,43,420,1182,2,22,33,2245,3,40.85,57.17,,,274,8,42,40,621,2,124,19
P164,Lasith Malinga,Bowler,Sri Lanka,MI,341,2797,966,14.29,6.82,82,2,10,133,428,268,409,116,4,Strike bowler,479,111,11.21,104.9,25.03,7.99,37,1,4,50,28,13,148,31,308,111,14.22,115.09,25.71,7.93,82,0,2,2,149,64,149,16,887,204,12.44,99.83,33.09,5.85,40,0,1,63,129,18,41,29,1123,540,19.31,46.51,49.15,5.52,12,1,3,18,122,173,71,40
P165,Wanindu Hasaranga,All-rounder,Sri Lanka,RR,173,12277,292,29.35,6.22,174,20,85,582,2112,150,400,107,4,Utility cricketer,1070,75,36.18,88.05,35.29,5.94,77,3,26,41,530,30,41,33,4264,76,24.07,170.6,28.96,6.44,125,2,11,90,842,34,52,38,2665,63,26.17,162.85,43.18,6.15,174,9,42,149,404,33,149,15,4278,78,30.97,47.63,29.19,6.36,108,6,6,302,336,53,158,21
P166,Dasun Shanaka,All-rounder,Sri Lanka,GT,62,10199,662,30.06,7.58,182,28,102,854,2569,111,333,107,3,Finisher,4434,115,29.67,146.48,27.13,8.54,170,3,43,346,125,8,112,44,686,92,32.23,114.74,24.27,9.19,86,7,11,122,869,16,67,32,4468,240,22.45,110.77,33.72,6.44,99,6,17,139,733,35,49,19,611,215,35.91,49.12,30.01,6.15,182,12,31,247,842,52,105,12
P167,Kusal Mendis,Wicket Keeper,Sri Lanka,None,382,25396,25,39.95,,177,47,98,749,2890,7,231,68,0,Explosive keeper batter,5289,7,41.51,87.75,,,109,17,39,87,556,2,80,2,3413,5,45.99,151.44,,,144,18,8,398,789,3,104,11,7122,1,43.0,105.91,,,177,7,43,193,1170,2,23,23,9572,12,29.31,48.16,,,61,5,8,71,375,0,24,32
P168,Pathum Nissanka,Batter,Sri Lanka,None,198,15081,8,33.11,,261,69,267,1346,4628,4,289,96,5,Century maker,1895,1,38.37,174.87,,,107,11,85,528,1474,0,51,12,1016,1,30.48,170.03,,,164,10,40,105,1990,2,55,27,2886,1,33.94,113.93,,,192,18,29,363,878,1,31,15,9284,5,29.66,45.37,,,261,30,113,350,286,1,152,42
P169,Charith Asalanka,Batter,Sri Lanka,None,63,21991,30,48.73,,256,88,232,1531,4228,3,362,104,3,Chase specialist,886,10,39.78,93.47,,,79,37,52,153,697,1,100,25,4054,6,52.15,133.65,,,208,14,95,298,1042,0,129,40,4483,8,51.83,121.57,,,107,23,11,643,562,1,110,22,12568,6,51.14,68.99,,,256,14,74,437,1927,1,23,17
P170,Dhananjaya de Silva,All-rounder,Sri Lanka,None,136,11013,294,31.05,6.7,147,34,128,830,1219,145,336,76,4,Finisher,1882,51,33.22,112.34,33.15,7.36,113,7,45,229,384,9,31,18,944,54,32.94,90.81,31.53,7.2,147,11,43,117,40,27,111,5,6209,22,25.75,108.55,62.34,6.32,108,6,26,302,683,3,94,22,1978,167,32.31,35.63,66.97,5.91,56,10,14,182,112,106,100,31
P171,Maheesh Theekshana,Bowler,Sri Lanka,RR,214,1868,919,12.22,6.2,82,2,4,122,364,139,438,113,3,Death overs specialist,706,230,17.07,111.85,22.79,7.73,82,1,0,34,61,55,98,6,741,179,6.63,81.99,27.06,5.79,5,0,2,38,38,40,63,21,45,80,15.99,77.99,39.68,5.61,56,1,2,28,115,17,124,42,376,430,9.21,37.49,17.14,5.65,57,0,0,22,150,27,153,44
P172,Matheesha Pathirana,Bowler,Sri Lanka,CSK,46,1617,551,9.31,6.88,88,1,2,91,283,334,404,82,1,Strike bowler,356,79,6.17,82.76,25.73,7.08,46,1,1,36,57,57,66,16,598,102,16.4,102.75,23.27,8.98,13,0,1,1,133,20,149,5,269,187,7.45,146.92,58.15,5.55,59,0,0,26,26,18,98,27,394,183,7.21,62.98,65.0,5.92,88,0,0,28,67,239,91,34
P173,Dushmantha Chameera,Bowler,Sri Lanka,DC,411,1187,655,12.79,6.3,84,3,6,182,373,137,297,94,4,Spin option,493,209,9.84,83.57,15.55,6.99,78,1,0,33,122,41,143,32,250,110,14.82,137.24,21.78,7.0,84,1,2,53,113,23,16,12,44,36,19.22,82.34,68.9,5.67,63,1,4,35,49,47,73,10,400,300,7.3,52.71,45.42,5.54,83,0,0,61,89,26,65,40
P174,Angelo Mathews,All-rounder,Sri Lanka,None,212,19648,449,24.48,6.41,228,5,128,767,1641,58,359,129,4,Finisher,1455,84,34.12,78.67,34.98,6.97,123,4,45,256,720,17,48,25,4007,54,20.13,174.93,26.21,6.27,141,1,22,138,610,19,123,23,7627,287,22.5,118.57,47.01,6.08,102,0,23,91,271,2,69,41,6559,24,21.18,54.78,61.03,6.33,228,0,38,282,40,20,119,40
P175,Sanath Jayasuriya,All-rounder,Sri Lanka,MI,292,14653,844,30.12,7.22,175,23,74,522,2875,188,245,91,3,Finisher,2251,130,20.35,162.61,19.1,9.18,139,1,13,28,527,17,105,33,2469,87,33.26,80.41,27.24,7.24,172,11,2,37,820,17,6,8,3974,325,33.76,97.24,19.42,5.97,142,1,23,179,807,23,98,28,5959,302,33.12,43.41,59.24,6.49,175,10,36,278,721,131,36,22
P176,Muttiah Muralitharan,Bowler,Sri Lanka,CSK,131,2087,956,11.82,6.48,81,2,15,62,244,207,426,119,2,Wicket taker,292,124,12.78,140.27,25.76,8.55,34,1,3,47,37,23,102,27,426,225,8.73,88.92,28.2,5.68,15,0,4,4,45,72,15,39,405,393,10.25,102.82,21.57,5.77,39,1,4,11,116,54,150,44,964,214,15.51,45.13,45.13,5.92,81,0,4,0,46,58,159,9
P177,Shakib Al Hasan,All-rounder,Bangladesh,KKR,564,24477,488,38.28,6.82,211,48,198,719,3143,170,467,103,4,Utility cricketer,2750,99,40.61,147.14,34.84,7.63,56,14,39,93,811,20,140,40,3984,67,30.2,144.58,18.85,7.84,145,7,43,263,1203,16,148,20,8734,97,42.02,148.67,18.3,5.88,145,13,57,150,644,6,90,13,9009,225,40.3,69.12,32.6,5.94,211,14,59,213,485,128,89,30
P178,Tamim Iqbal,Batter,Bangladesh,PWI,332,25674,18,53.32,,255,107,258,1810,4377,7,444,85,0,Chase specialist,4810,6,49.72,158.59,,,187,45,98,648,2192,3,123,24,8219,8,51.53,150.41,,,209,14,43,564,457,1,38,34,2810,4,56.95,80.7,,,111,29,42,477,1508,2,150,11,9835,0,55.07,35.04,,,255,19,75,121,220,1,133,16
P179,Mushfiqur Rahim,Wicket Keeper,Bangladesh,None,288,22026,27,28.93,,257,41,138,898,2769,10,347,90,2,Quick glovework,2397,6,28.28,172.56,,,72,7,61,89,881,2,135,3,4992,2,23.49,164.02,,,178,0,27,341,365,2,152,26,9375,9,27.83,113.51,,,161,20,20,289,1080,3,51,17,5262,10,36.13,39.29,,,257,14,30,179,443,3,9,44
P180,Mahmudullah,All-rounder,Bangladesh,None,285,12706,327,28.8,6.96,125,27,85,403,1711,140,278,57,1,Impact player,1153,114,28.14,84.16,27.61,9.49,84,9,18,30,147,34,113,27,3886,57,24.1,143.45,21.72,5.95,100,4,41,71,898,37,36,6,6662,128,29.21,163.95,19.05,6.13,57,11,15,149,417,16,109,17,1005,28,33.77,57.4,59.34,6.25,125,3,11,153,249,53,20,7
P181,Mustafizur Rahman,Bowler,Bangladesh,DC,113,2522,928,16.93,6.5,83,2,14,133,506,213,280,117,0,Spin option,821,69,14.29,110.31,27.31,7.61,27,0,4,14,107,20,79,28,575,81,17.06,94.87,28.81,7.11,83,0,4,43,146,67,56,45,278,265,19.14,91.59,52.19,5.54,24,1,3,48,129,32,61,24,848,513,17.21,73.85,34.48,5.74,70,1,3,28,124,94,84,20
P182,Litton Das,Wicket Keeper,Bangladesh,KKR,384,20619,23,28.22,,218,52,135,1515,2971,7,382,85,4,Wicket keeper batter,6332,1,42.37,147.83,,,196,10,52,449,960,2,58,8,3066,3,23.88,110.26,,,113,16,19,226,610,2,89,22,9651,15,23.3,129.3,,,155,12,40,409,1061,3,82,40,1570,4,23.33,45.44,,,218,14,24,431,340,0,153,15
P183,Taskin Ahmed,Bowler,Bangladesh,None,78,1806,986,15.13,6.24,64,0,8,152,296,208,301,87,2,Death overs specialist,772,36,17.9,76.87,29.29,7.69,24,0,1,35,18,9,84,11,86,140,17.94,78.04,27.99,5.64,64,0,0,38,99,70,109,0,423,212,7.64,159.08,34.31,5.69,14,0,3,66,143,42,97,36,525,598,17.05,64.94,39.06,5.92,7,0,4,13,36,87,11,40
P184,Mehidy Hasan Miraz,All-rounder,Bangladesh,None,186,8320,804,32.45,7.02,137,30,100,827,2297,180,264,102,3,Finisher,2022,159,30.27,152.5,19.23,8.63,106,3,21,333,615,1,5,25,3010,147,36.43,82.19,30.52,7.4,136,9,6,204,765,30,135,14,1249,351,25.94,102.48,76.08,6.07,68,12,39,164,131,13,19,25,2039,147,37.18,61.35,68.37,5.98,137,6,34,126,786,136,105,38
P185,Najmul Hossain Shanto,Batter,Bangladesh,None,136,16067,35,49.4,,186,61,353,1291,6447,9,413,57,0,Top order batter,7614,5,38.35,91.19,,,176,13,103,154,1982,3,59,38,5165,13,49.77,93.12,,,172,24,67,594,1870,3,153,7,1961,5,55.79,82.53,,,126,21,120,319,800,0,108,11,1327,12,53.7,67.53,,,186,3,63,224,1795,3,93,1
P186,Towhid Hridoy,Batter,Bangladesh,None,143,31225,29,43.31,,196,125,280,1246,3917,2,353,90,4,Chase specialist,3897,15,55.6,147.8,,,71,20,103,85,405,0,144,11,5387,0,33.7,99.96,,,139,42,37,233,1406,2,57,18,8389,6,45.89,79.18,,,196,38,101,599,618,0,135,29,13552,8,38.07,58.81,,,148,25,39,329,1488,0,17,32
P187,Chris Gayle,Batter,West Indies,PBKS,533,32751,19,48.26,,190,82,383,2251,3239,5,374,23,2,Consistent run scorer,11862,5,61.36,134.69,,,190,19,85,389,399,3,76,9,6179,0,44.82,174.32,,,153,22,36,717,688,0,104,2,12751,2,53.83,137.98,,,74,19,131,396,402,1,117,1,1959,12,33.02,67.94,,,77,22,131,749,1750,1,77,11
P188,Kieron Pollard,All-rounder,West Indies,MI,186,8620,397,23.23,6.47,175,3,47,582,2366,132,254,86,5,Impact player,364,39,27.14,146.48,25.7,6.38,83,1,23,269,748,24,116,35,2804,33,20.11,96.68,18.63,6.7,147,2,16,143,93,24,30,31,1943,188,25.26,143.78,45.9,6.4,175,0,3,97,876,23,31,5,3509,137,20.4,48.71,57.28,6.42,119,0,5,73,649,61,77,15
P189,Andre Russell,All-rounder,West Indies,KKR,358,9758,715,23.6,7.1,189,17,131,857,2211,197,341,82,0,Finisher,1990,137,21.01,164.19,21.94,9.42,96,1,43,253,786,13,18,27,4268,136,28.76,125.58,30.24,6.61,137,5,12,350,249,23,149,19,3035,301,23.97,83.97,42.17,6.05,189,11,37,227,284,16,120,8,465,141,20.66,42.96,48.79,6.33,98,0,39,27,892,145,54,28
P190,Sunil Narine,All-rounder,West Indies,KKR,353,9881,585,33.14,7.31,185,32,118,594,1927,235,282,86,3,Utility cricketer,3933,149,33.94,144.78,24.81,9.13,185,5,27,41,889,39,35,39,710,41,35.34,83.53,19.01,8.03,155,8,34,183,245,20,27,5,641,175,27.31,116.9,68.34,6.14,84,11,22,297,102,38,124,33,4597,220,35.96,58.88,24.04,5.94,117,8,35,73,691,138,96,9
P191,Nicholas Pooran,Wicket Keeper,West Indies,LSG,136,23535,37,37.76,,199,32,174,948,2212,7,359,92,5,Safe keeper,5427,15,38.08,158.81,,,131,10,29,116,410,1,78,15,4173,9,41.37,122.99,,,151,17,36,211,643,2,39,27,5257,4,42.15,171.2,,,199,3,65,258,781,1,100,19,8678,9,29.45,74.07,,,90,2,44,363,378,3,142,31
P192,Shimron Hetmyer,Batter,West Indies,RR,218,29637,30,41.11,,219,27,280,610,4167,6,239,72,2,Top order batter,2378,13,35.48,145.68,,,219,9,64,191,1769,0,17,14,8069,11,40.32,95.17,,,119,6,92,119,684,3,43,15,9382,2,40.18,115.94,,,139,7,38,74,971,0,19,19,9808,4,48.45,71.83,,,92,5,86,226,743,3,160,24
P193,Rovman Powell,Batter,West Indies,KKR,254,35189,22,49.75,,300,110,109,1558,5830,7,542,138,5,Consistent run scorer,2680,6,50.88,101.11,,,152,29,11,257,1645,3,121,41,7242,4,51.35,92.25,,,73,13,43,198,1513,1,160,44,13835,2,44.63,125.78,,,101,40,36,543,531,1,122,12,11432,10,52.15,39.61,,,300,28,19,560,2141,2,139,41
P194,Jason Holder,All-rounder,West Indies,RR,66,15155,783,24.23,7.73,163,31,122,1042,2458,168,456,86,4,Match-winning all-rounder,1393,59,25.83,126.05,30.13,9.11,112,2,38,318,161,14,128,11,3135,118,19.02,120.58,20.41,9.26,79,8,3,193,696,27,80,13,3124,311,25.74,111.62,51.71,6.33,163,10,40,222,886,33,145,37,7503,295,26.35,47.57,61.02,6.23,132,11,41,309,715,94,103,25
P195,Alzarri Joseph,Bowler,West Indies,RCB,186,3041,1245,9.86,7.19,87,2,7,95,310,173,413,45,5,Spin option,645,32,5.47,146.89,26.33,9.0,87,0,2,35,94,60,123,1,642,139,9.68,160.7,22.46,8.03,80,1,4,43,21,55,129,2,625,527,17.51,78.51,64.67,5.96,75,1,0,0,113,29,111,32,1129,547,6.76,35.43,26.54,5.76,28,0,1,17,82,29,50,10
P196,Akeal Hosein,Bowler,West Indies,SRH,201,1762,933,11.74,6.71,83,3,12,213,261,131,417,104,2,Spin option,240,82,19.58,155.67,29.21,7.03,38,1,4,63,10,41,151,34,581,82,7.59,123.59,17.21,8.29,58,1,3,58,77,31,156,27,440,499,9.9,100.34,15.96,5.79,15,1,2,52,148,19,94,38,501,270,9.89,44.24,48.88,5.72,83,0,3,40,26,40,16,5
P197,Shai Hope,Wicket Keeper,West Indies,DC,92,10173,23,31.45,,187,36,138,792,3895,7,379,97,3,Safe keeper,3345,8,37.8,87.69,,,169,0,8,199,1064,0,115,18,2415,4,40.86,87.35,,,187,5,38,121,896,2,64,29,480,9,23.12,149.68,,,108,13,63,100,1218,3,150,28,3933,2,24.04,71.7,,,165,18,29,372,717,2,50,22
P198,Dwayne Bravo,All-rounder,West Indies,CSK,394,8276,598,34.0,6.91,165,28,122,911,1858,76,454,96,1,Utility cricketer,798,50,29.15,112.14,26.23,6.55,119,0,43,156,116,17,149,32,3698,71,33.54,115.7,20.45,8.18,104,7,19,225,467,7,128,10,1934,175,35.96,174.59,25.94,6.43,165,10,31,285,560,35,104,28,1846,302,37.36,43.17,68.83,6.47,134,11,29,245,715,17,73,26
P199,Darren Sammy,All-rounder,West Indies,SRH,336,10563,120,26.61,6.49,175,40,79,939,1498,105,389,126,3,Utility cricketer,519,39,18.69,106.36,26.13,7.13,118,9,24,346,566,17,41,27,3245,44,34.96,94.73,20.21,6.66,175,11,10,28,722,30,105,29,5285,14,32.32,86.02,34.8,5.91,155,8,18,240,130,38,136,35,1514,23,20.45,38.4,73.65,6.27,103,12,27,325,80,20,107,35
P200,Brian Lara,Batter,West Indies,None,284,19143,45,48.05,,193,79,230,1197,4183,5,322,77,2,Power hitter,3267,6,48.41,126.21,,,162,21,23,42,370,1,82,12,5069,9,46.57,125.76,,,192,6,82,268,395,0,135,4,6911,15,46.21,105.84,,,193,18,16,263,1361,2,68,45,3896,15,51.01,41.59,,,192,34,109,624,2057,2,37,16
P201,Curtly Ambrose,Bowler,West Indies,None,106,1414,902,10.76,6.22,87,1,10,68,149,292,340,116,2,Wicket taker,293,63,12.15,121.04,18.04,6.78,59,0,1,5,48,72,87,33,671,50,10.51,101.9,22.56,6.81,23,1,3,22,35,43,7,24,364,253,7.98,81.07,49.29,5.65,37,0,4,1,31,78,110,27,86,536,12.4,74.11,48.01,5.65,87,0,2,40,35,99,136,32
P202,Rashid Khan,Bowler,Afghanistan,GT,561,10653,1142,18.29,6.41,87,39,64,581,2358,151,223,112,12,Strike bowler,1894,46,13.04,144.06,28.64,5.81,87,4,32,190,487,13,47,28,2165,35,23.36,143.24,17.53,8.24,81,8,8,186,695,13,21,18,4102,619,23.78,87.12,25.58,5.61,31,14,13,105,502,11,91,24,2492,442,12.96,46.09,52.2,5.97,15,13,11,100,674,114,64,42
P203,Mohammad Nabi,All-rounder,Afghanistan,MI,178,11991,574,29.69,6.28,91,26,129,866,1642,159,252,86,5,Utility cricketer,3062,144,23.83,129.43,21.22,6.34,56,6,37,281,817,44,35,38,778,122,29.16,136.84,19.69,6.27,91,10,18,279,566,41,21,10,2474,63,29.99,159.55,72.89,6.29,69,8,43,108,63,9,156,34,5677,245,35.78,40.15,24.63,6.21,66,2,31,198,196,65,40,4
P204,Rahmanullah Gurbaz,Wicket Keeper,Afghanistan,KKR,318,18661,34,29.04,,234,45,255,533,3665,10,230,93,2,Safe keeper,3977,12,27.57,87.46,,,114,7,45,30,1126,2,68,3,4954,5,27.46,129.36,,,152,5,62,91,805,3,68,36,2542,8,37.02,105.49,,,174,18,74,347,493,3,16,38,7188,9,24.12,56.56,,,234,15,74,65,1241,2,78,16
P205,Mujeeb Ur Rahman,Bowler,Afghanistan,None,350,1026,547,13.69,6.18,74,3,7,202,371,329,494,68,3,Death overs specialist,209,72,11.73,168.29,17.64,6.6,58,1,0,66,71,43,115,24,378,128,15.15,137.73,18.72,6.42,13,1,2,22,88,77,142,5,347,278,19.88,100.42,34.39,6.0,40,1,4,66,102,62,126,27,92,69,8.01,54.83,42.94,5.72,74,0,1,48,110,147,111,12
P206,Noor Ahmad,Bowler,Afghanistan,CSK,177,3621,1034,13.78,6.5,80,3,4,186,187,210,377,79,0,New ball specialist,774,188,10.44,105.69,25.39,8.77,33,1,3,41,41,49,115,38,639,178,10.52,84.57,24.51,6.13,80,1,0,64,47,74,112,4,784,405,19.2,103.77,54.25,5.55,33,1,0,32,77,58,36,18,1424,263,14.96,39.84,23.32,5.56,12,0,1,49,22,29,114,19
P207,Ibrahim Zadran,Batter,Afghanistan,None,248,19553,31,33.22,,203,81,307,983,5647,8,352,146,0,Century maker,3165,11,35.45,108.06,,,159,38,42,535,2098,2,133,41,682,13,37.35,161.77,,,136,11,67,100,1595,2,64,36,12090,0,30.91,112.81,,,175,1,112,269,1021,2,19,33,3616,7,29.15,59.78,,,203,31,86,79,933,2,136,36
P208,Azmatullah Omarzai,All-rounder,Afghanistan,PBKS,101,14947,409,28.11,6.53,178,8,104,698,1669,152,294,79,1,Match-winning all-rounder,3244,37,18.1,139.92,24.76,7.1,158,2,34,68,181,24,43,15,3161,19,35.85,118.66,22.53,6.58,152,0,16,320,476,42,132,24,2779,86,37.43,124.47,26.87,5.95,178,5,45,190,292,34,93,28,5763,267,21.07,40.38,42.91,6.48,141,1,9,120,720,52,26,12
P209,Naveen-ul-Haq,Bowler,Afghanistan,LSG,165,1682,512,12.77,6.73,55,2,10,140,188,173,295,87,3,Wicket taker,810,182,19.2,98.99,16.74,8.45,41,1,2,0,3,10,72,13,661,136,10.08,99.67,23.82,7.12,45,1,2,63,79,72,77,16,42,141,13.69,116.4,55.75,5.71,55,0,3,61,70,37,108,41,169,53,8.09,44.98,42.35,5.63,12,0,3,16,36,54,38,17
P210,Fazalhaq Farooqi,Bowler,Afghanistan,SRH,222,1342,898,7.57,6.45,86,3,5,146,313,314,344,122,0,Death overs specialist,130,40,5.12,160.01,25.43,7.78,31,1,0,13,99,49,111,20,328,146,7.08,152.35,29.36,6.64,55,1,0,41,86,42,127,31,526,596,7.98,83.04,29.81,5.62,37,0,1,28,0,72,35,29,358,116,10.08,42.61,35.32,5.77,86,1,4,64,128,151,71,42
P211,Gulbadin Naib,All-rounder,Afghanistan,DC,406,9181,436,29.77,6.89,188,34,90,489,2520,217,348,130,5,Impact player,862,67,37.81,163.19,21.37,7.92,121,12,25,28,694,44,65,37,1442,70,23.08,96.4,29.24,7.23,188,6,17,346,762,12,153,19,2086,167,22.33,87.3,57.41,6.04,136,7,32,60,203,11,31,32,4791,132,35.86,73.41,44.03,6.36,167,9,16,55,861,150,99,42
P212,Sikandar Raza,All-rounder,Zimbabwe,PBKS,379,10615,554,22.21,6.92,232,29,109,819,1618,143,486,93,2,Match-winning all-rounder,1097,89,18.8,96.94,26.77,6.81,55,10,31,125,115,3,135,37,369,73,23.84,105.53,29.9,8.62,89,7,14,158,404,28,153,17,3721,172,19.62,123.53,52.21,6.24,93,1,39,201,879,44,85,20,5428,220,26.57,39.74,59.36,6.02,232,11,25,335,220,68,113,19
P213,Sean Williams,All-rounder,Zimbabwe,None,399,9732,422,27.29,6.3,222,31,99,747,2461,93,406,100,0,Impact player,3524,123,36.57,107.74,25.23,6.7,144,7,30,313,471,5,31,18,3430,47,28.46,92.29,22.73,6.17,55,11,41,87,784,20,155,5,1906,37,20.21,138.64,72.71,6.11,158,10,8,98,534,2,92,37,872,215,23.92,42.26,28.56,6.22,222,3,20,249,672,66,128,40
P214,Craig Ervine,Batter,Zimbabwe,None,99,31532,37,46.2,,184,82,304,682,4916,6,223,75,0,Power hitter,7777,5,44.93,140.93,,,129,7,109,378,1856,2,18,2,6772,7,48.54,75.6,,,184,33,59,56,1670,1,73,29,6913,13,49.59,147.14,,,70,31,65,62,762,0,62,36,10070,12,41.75,59.26,,,72,11,71,186,628,3,70,8
P215,Blessing Muzarabani,Bowler,Zimbabwe,LSG,317,1096,982,8.84,6.57,74,3,11,155,340,187,310,100,2,Wicket taker,317,120,7.06,111.04,20.21,5.56,13,1,3,0,61,64,42,44,656,139,8.96,123.9,18.28,9.19,74,0,4,27,146,43,153,18,78,240,12.06,168.58,56.63,5.79,10,1,3,68,8,47,23,16,45,483,7.29,42.33,30.99,5.75,27,1,1,60,125,33,92,22
P216,Andy Balbirnie,Batter,Ireland,None,39,20302,26,37.1,,199,114,234,1538,7495,7,215,127,2,Century maker,3447,3,31.08,98.22,,,105,22,80,147,2053,2,20,19,4126,6,29.28,87.3,,,151,43,43,615,1636,2,46,37,1654,2,33.8,105.69,,,199,14,55,632,1667,3,58,37,11075,15,54.25,60.0,,,194,35,56,144,2139,0,91,34
P217,Paul Stirling,Batter,Ireland,None,31,34810,23,43.94,,143,103,172,1095,4305,5,382,102,1,Consistent run scorer,6685,7,47.02,110.61,,,89,26,60,183,374,1,130,15,3097,4,57.95,116.21,,,102,41,43,397,136,1,20,28,10189,11,37.0,86.03,,,119,27,52,56,1875,1,72,15,14839,1,33.79,48.06,,,143,9,17,459,1920,2,160,44
P218,Harry Tector,Batter,Ireland,None,389,14036,28,52.4,,208,91,294,1006,5118,4,408,48,3,Chase specialist,4196,11,51.56,109.39,,,94,8,23,165,1345,0,156,24,3645,5,56.93,159.43,,,208,37,78,75,1082,2,149,11,1873,5,49.88,147.58,,,107,17,87,600,1512,0,87,12,4322,7,51.24,42.68,,,71,29,106,166,1179,2,16,1
P219,Josh Little,Bowler,Ireland,GT,141,1202,1337,13.12,6.68,58,1,10,185,182,110,374,99,1,New ball specialist,264,59,18.36,140.44,23.73,6.31,22,0,2,39,4,40,156,34,177,203,8.04,121.13,20.78,8.83,48,0,3,51,132,40,31,25,448,621,14.34,144.49,48.13,5.66,44,1,1,29,23,6,64,25,313,454,11.74,58.85,67.46,5.93,58,0,4,66,23,24,123,15
P220,Lorcan Tucker,Wicket Keeper,Ireland,None,172,16550,28,37.96,,201,46,156,626,3227,7,389,122,3,Wicket keeper batter,4627,1,24.5,133.19,,,101,2,42,148,770,1,53,31,5438,11,44.4,126.27,,,138,9,61,190,766,1,89,27,5946,4,38.57,172.44,,,140,20,29,35,1199,3,90,37,539,12,44.38,64.08,,,201,15,24,253,492,2,157,27
P221,Scott Edwards,Wicket Keeper,Netherlands,None,326,14382,30,32.14,,123,41,203,965,2415,9,247,93,3,Quick glovework,5289,12,30.19,95.73,,,61,10,16,226,338,2,48,10,3813,2,41.28,88.69,,,72,12,50,390,885,3,96,26,1817,4,29.66,126.09,,,88,2,74,68,904,1,17,24,3463,12,27.43,70.88,,,123,17,63,281,288,3,86,33
P222,Max O'Dowd,Batter,Netherlands,None,59,16143,27,37.52,,278,94,240,1968,5428,2,494,54,2,Century maker,2093,13,39.72,102.06,,,157,29,72,640,1328,0,93,26,3203,6,34.21,141.45,,,110,40,66,619,1282,0,113,26,7094,0,46.28,92.42,,,195,14,78,270,1669,1,134,1,3753,8,29.88,41.97,,,278,11,24,439,1149,1,154,1
P223,Bas de Leede,All-rounder,Netherlands,None,129,10148,385,26.95,6.71,188,31,124,866,1793,87,364,121,3,Impact player,1895,66,22.64,151.37,28.47,7.51,165,8,37,140,216,29,121,36,2222,23,24.87,87.81,34.09,7.22,63,3,16,294,422,3,82,11,3073,93,32.26,117.9,46.7,5.85,188,8,41,272,490,0,7,39,2958,203,28.03,43.01,27.1,6.26,65,12,30,160,665,55,154,35
P224,Logan van Beek,All-rounder,Netherlands,None,301,9808,697,24.51,6.46,178,17,76,842,2609,56,414,81,2,Impact player,586,99,25.47,156.79,25.69,6.04,114,3,8,192,727,30,104,16,1417,35,20.79,158.25,29.67,7.03,155,3,11,329,511,17,58,17,4313,284,24.64,165.34,63.65,6.31,99,3,14,234,724,0,118,32,3492,279,27.14,61.13,77.18,6.45,178,8,43,87,647,9,134,16
P225,Richie Berrington,Batter,Scotland,None,413,22927,36,41.64,,217,78,191,1562,4554,4,433,150,2,Power hitter,8113,14,34.26,92.42,,,195,36,32,588,1565,2,72,44,1222,2,55.37,100.5,,,217,6,23,351,1733,1,148,39,6248,14,28.14,104.33,,,118,33,48,425,884,0,76,30,7344,6,48.78,55.2,,,195,3,88,198,372,1,137,37
P226,George Munsey,Batter,Scotland,None,278,21761,19,47.34,,109,134,280,1508,5416,8,246,125,2,Top order batter,3597,5,57.25,94.22,,,109,34,60,466,858,1,52,36,3093,9,49.73,89.93,,,75,27,102,49,1909,1,145,23,6275,0,32.27,91.11,,,84,45,100,578,2085,3,38,26,8796,5,50.09,59.36,,,100,28,18,415,564,3,11,40
P227,Mark Watt,Bowler,Scotland,None,304,1274,572,14.41,6.17,84,2,4,187,273,242,245,59,4,Strike bowler,554,93,18.29,154.73,29.43,6.36,15,0,2,65,12,43,14,4,283,135,14.28,163.15,27.87,7.06,55,1,0,54,112,33,108,9,427,34,19.29,77.82,24.2,5.7,84,0,0,65,63,69,12,26,10,310,5.77,48.92,30.04,5.55,20,1,2,3,86,97,111,20
P228,Muhammad Waseem,Batter,UAE,None,42,25868,38,43.74,,192,63,325,1435,5103,4,289,66,2,Top order batter,2730,14,48.69,143.54,,,131,12,48,525,958,0,118,6,4646,8,43.89,140.24,,,96,4,91,370,1128,3,88,27,11521,2,45.82,75.38,,,126,11,95,453,1561,1,37,18,6971,14,36.58,37.8,,,192,36,91,87,1456,0,46,15
P229,Vriitya Aravind,Wicket Keeper,UAE,None,392,25103,15,34.06,,210,27,152,1053,1309,5,345,69,3,Safe keeper,4388,3,38.88,146.18,,,210,4,45,162,309,1,63,24,5571,4,24.84,139.04,,,194,2,60,234,591,0,160,15,9136,2,35.5,166.62,,,181,14,8,326,135,3,14,13,6008,6,37.04,44.96,,,81,7,39,331,274,1,108,17
P230,Sandeep Lamichhane,Bowler,Nepal,DC,132,2351,452,12.83,6.38,84,2,11,97,346,212,226,65,0,Strike bowler,614,69,12.79,123.29,21.1,6.07,19,1,4,10,31,75,96,26,155,50,13.04,104.87,23.31,7.71,13,0,4,37,83,55,69,2,713,267,15.14,162.76,38.33,5.79,38,0,2,4,103,71,27,33,869,66,10.36,67.97,66.5,5.96,84,1,1,46,129,11,34,4
P231,Rohit Paudel,Batter,Nepal,None,29,25095,44,41.83,,169,112,283,1481,3795,7,405,67,1,Chase specialist,2553,6,32.45,119.33,,,101,25,106,379,1114,1,151,12,2245,15,45.45,77.66,,,139,10,119,159,441,0,86,9,6597,12,40.78,131.41,,,132,38,20,498,1532,3,64,31,13700,11,48.65,74.85,,,169,39,38,445,708,3,104,15
P232,Dipendra Singh Airee,All-rounder,Nepal,None,113,12897,577,28.8,6.91,159,19,116,829,1584,197,433,130,4,Finisher,2443,19,20.93,138.22,30.83,6.8,157,7,18,28,288,31,112,33,1518,42,33.73,78.9,33.31,8.95,80,1,25,286,643,32,66,32,7583,270,34.68,144.13,52.63,5.97,82,0,36,168,349,38,106,29,1353,246,25.88,48.68,63.06,5.91,159,11,37,347,304,96,149,36
P233,Australia Player 1,Wicket Keeper,Australia,LSG,275,27217,28,31.67,,217,57,177,1187,3587,9,290,71,5,Wicket keeper batter,4313,9,32.35,79.68,,,168,15,42,174,914,3,42,19,4140,2,22.56,137.87,,,127,8,66,279,494,2,156,43,9845,12,34.26,151.93,,,165,19,54,294,1012,1,39,0,8919,5,37.52,37.25,,,217,15,15,440,1167,3,53,9
P234,West Indies Player 2,Batter,West Indies,KKR,74,29746,34,47.8,,273,118,257,921,4946,10,236,86,1,Power hitter,4057,9,56.83,93.74,,,190,39,120,199,1221,2,17,40,4466,11,51.58,130.07,,,119,29,19,290,1834,3,120,19,12149,3,52.98,142.01,,,131,35,93,367,1641,2,82,20,9074,11,29.82,61.1,,,273,15,25,65,250,3,17,7
P235,Nepal Player 3,All-rounder,Nepal,GT,221,9619,539,24.32,6.29,163,34,86,630,1908,143,238,119,1,Finisher,911,46,24.67,86.5,21.01,5.91,163,4,4,349,339,12,64,28,3314,117,21.91,100.72,31.01,6.78,117,9,16,142,632,28,52,13,2583,223,29.9,163.44,42.36,6.33,75,12,43,74,258,43,9,37,2811,153,20.79,39.15,28.11,6.15,76,9,23,65,679,60,113,41
P236,West Indies Player 4,All-rounder,West Indies,GT,134,3670,418,31.12,6.89,143,20,84,707,1914,229,170,102,1,Batting and bowling option,414,135,35.98,97.7,28.29,7.02,137,7,33,225,789,4,17,21,393,25,37.82,90.39,32.29,8.29,142,0,13,89,139,39,26,41,1847,167,24.84,165.41,62.16,5.84,64,7,10,82,292,36,66,38,1016,91,25.86,52.65,18.2,6.43,143,6,28,311,694,150,61,2
P237,Bangladesh Player 5,Bowler,Bangladesh,CSK,344,2905,762,10.85,7.2,88,2,10,120,287,303,352,105,2,Strike bowler,289,161,10.31,91.47,15.71,9.02,32,0,2,52,143,25,120,22,826,35,7.4,173.09,24.31,8.07,88,1,3,11,26,37,87,18,194,481,6.05,75.83,26.45,5.91,61,0,2,49,116,76,79,22,1596,85,19.65,44.33,22.12,5.79,28,1,3,8,2,165,66,43
P238,Afghanistan Player 6,Batter,Afghanistan,MI,82,20776,44,38.55,,236,69,236,1224,6153,6,170,56,4,Power hitter,6083,10,48.12,122.21,,,87,30,54,418,1787,1,111,17,4070,7,31.37,106.62,,,129,3,63,193,1229,1,38,11,5888,12,32.43,102.42,,,144,11,104,40,1895,3,7,14,4735,15,42.3,46.61,,,236,25,15,573,1242,1,14,14
P239,South Africa Player 7,Batter,South Africa,PBKS,221,30498,27,37.82,,210,104,296,544,5319,6,130,77,1,Top order batter,6463,14,54.81,86.06,,,128,19,106,101,2096,0,62,14,3913,3,30.18,171.88,,,79,44,89,162,848,0,33,21,11264,0,37.6,146.31,,,196,34,45,67,1951,3,25,41,8858,10,28.69,44.82,,,210,7,56,214,424,3,10,1
P240,India Player 8,All-rounder,India,None,233,17181,731,27.47,6.38,166,22,88,354,1035,204,304,55,4,Match-winning all-rounder,3106,80,26.7,133.12,33.79,5.8,166,10,7,43,349,41,56,8,2385,118,32.15,86.1,33.65,7.48,125,2,12,87,147,30,13,11,4258,333,24.38,124.63,21.08,5.99,85,1,25,138,166,3,75,35,7432,200,26.65,73.7,72.83,6.23,66,9,44,86,373,130,160,1
P241,Pakistan Player 9,Bowler,Pakistan,DC,155,1933,883,13.62,6.39,76,0,10,148,273,135,227,65,3,Spin option,596,112,14.3,174.76,27.35,8.6,25,0,4,0,138,13,94,5,83,206,18.83,140.94,25.03,5.63,72,0,2,66,85,27,14,30,892,39,11.38,172.93,19.41,5.79,76,0,2,30,18,43,17,26,362,526,9.95,49.5,44.46,5.54,31,0,2,52,32,52,102,4
P242,South Africa Player 10,Wicket Keeper,South Africa,RR,104,14737,20,36.65,,235,40,109,1101,2554,8,485,107,5,Safe keeper,1893,6,45.88,92.51,,,180,0,27,382,382,3,65,43,391,1,29.04,132.29,,,205,14,5,171,97,1,148,9,8300,5,43.23,77.49,,,135,17,66,373,1224,2,150,45,4153,8,28.45,51.04,,,235,9,11,175,851,2,122,10
P243,Netherlands Player 11,All-rounder,Netherlands,LSG,357,12169,579,29.43,6.83,232,22,99,810,1699,81,165,113,3,Utility cricketer,2800,134,35.41,116.75,20.48,7.63,101,10,14,185,118,20,23,24,3045,148,26.66,94.36,23.06,7.28,71,0,31,136,730,5,5,1,2507,271,22.83,110.49,73.19,6.33,131,4,44,311,451,17,95,45,3817,26,32.83,35.46,67.75,6.09,232,8,10,178,400,39,42,43
P244,Zimbabwe Player 12,Batter,Zimbabwe,RR,107,27526,49,32.33,,262,54,287,1913,3682,6,271,83,0,Power hitter,2934,7,40.25,82.82,,,210,22,101,376,208,2,26,24,4770,15,30.98,76.43,,,137,14,78,626,1577,0,86,11,13106,13,29.07,135.42,,,197,8,92,427,1291,1,105,16,6716,14,29.02,48.78,,,262,10,16,484,606,3,54,32
P245,Australia Player 13,Wicket Keeper,Australia,SRH,105,13527,31,42.16,,200,29,133,1191,2447,9,311,81,5,Middle order keeper,1672,8,44.98,104.18,,,155,11,73,197,243,3,132,14,3732,5,44.61,106.56,,,103,14,47,337,798,3,19,21,6899,8,42.0,79.47,,,84,0,8,220,1012,0,75,10,1224,10,37.06,73.75,,,200,4,5,437,394,3,85,36
P246,Bangladesh Player 14,Bowler,Bangladesh,None,246,2000,1018,10.34,6.87,63,3,7,240,285,283,408,111,4,Strike bowler,701,50,8.91,148.36,28.92,8.74,63,1,1,46,51,54,34,31,746,181,14.37,128.3,23.12,7.33,53,1,0,56,29,40,108,37,515,155,6.3,112.09,28.71,5.7,7,1,4,70,130,38,134,36,38,632,11.79,54.11,21.05,5.7,33,0,2,68,75,151,132,7
P247,Ireland Player 15,Wicket Keeper,Ireland,CSK,349,21519,32,39.81,,238,44,167,930,1520,8,378,110,1,Wicket keeper batter,6427,3,45.96,115.75,,,89,18,47,369,299,3,102,21,765,13,42.71,148.52,,,108,16,69,156,113,3,118,23,5757,1,41.75,90.65,,,130,0,34,330,432,2,149,38,8570,15,28.83,49.87,,,238,10,17,75,676,0,9,28
P248,Scotland Player 16,Wicket Keeper,Scotland,RR,34,17562,23,36.96,,194,45,168,803,2649,9,511,89,5,Explosive keeper batter,3082,13,34.33,100.75,,,194,13,37,310,620,3,103,44,5250,2,41.78,125.74,,,95,1,49,89,368,3,137,3,3925,2,27.12,115.34,,,65,20,34,286,1024,1,160,7,5305,6,44.62,65.22,,,108,11,48,118,637,2,111,35
P249,Bangladesh Player 17,All-rounder,Bangladesh,MI,190,8949,622,27.43,6.92,181,16,106,948,2372,99,251,122,1,Match-winning all-rounder,1264,150,35.38,162.93,30.41,6.57,100,7,33,340,673,37,52,42,1148,45,22.71,80.85,23.34,8.76,62,3,23,290,767,8,78,30,4263,273,26.1,93.52,54.27,6.35,106,5,10,230,181,9,32,20,2274,154,25.53,38.16,50.5,5.98,181,1,40,88,751,45,89,30
P250,Sri Lanka Player 18,All-rounder,Sri Lanka,MI,74,13215,403,23.52,6.37,135,28,124,686,2159,168,460,51,4,Finisher,3281,36,24.35,142.02,23.9,7.51,135,5,44,200,507,16,150,15,2090,41,27.17,81.51,32.92,6.26,109,10,41,198,555,34,87,11,4097,263,18.84,112.81,60.07,5.84,58,4,37,187,765,17,122,19,3747,63,23.7,67.78,45.96,5.86,99,9,2,101,332,101,101,6
P251,Sri Lanka Player 19,All-rounder,Sri Lanka,DC,168,11508,654,26.98,6.31,141,26,121,634,1838,75,421,113,3,Impact player,3093,160,20.63,119.35,19.78,6.41,141,5,22,120,222,0,156,40,2589,89,35.61,160.3,25.77,6.36,135,6,25,87,698,13,154,23,1867,303,19.01,164.45,38.24,6.12,141,11,33,219,159,27,80,21,3959,102,32.69,51.56,30.79,6.34,104,4,41,208,759,35,31,29
P252,Nepal Player 20,Wicket Keeper,Nepal,DC,284,13120,22,27.13,,211,50,133,726,3850,7,230,126,1,Explosive keeper batter,1608,3,28.47,151.75,,,131,10,17,180,870,3,125,39,3727,5,32.91,107.8,,,120,19,28,129,1096,0,22,38,747,6,22.86,150.51,,,211,8,57,283,749,2,36,33,7038,8,24.29,46.46,,,83,13,31,134,1135,2,47,16
P253,Afghanistan Player 21,All-rounder,Afghanistan,LSG,152,12418,470,26.93,6.8,237,25,85,548,1858,183,209,102,1,Match-winning all-rounder,2520,48,18.42,158.17,25.68,7.6,66,3,37,156,438,22,36,7,1432,128,36.04,75.21,28.93,7.45,79,6,12,255,693,34,13,13,4912,107,25.58,149.6,41.28,5.82,137,10,27,43,303,1,137,45,3554,187,27.67,42.58,18.73,6.34,237,6,9,94,424,126,23,37
P254,West Indies Player 22,Batter,West Indies,GT,226,8742,27,42.34,,205,81,191,1755,5739,5,275,41,2,Century maker,1205,5,42.53,171.48,,,205,11,16,619,1567,1,42,15,5584,14,55.63,139.05,,,188,35,71,333,1700,1,44,6,1271,2,30.08,86.09,,,143,1,22,552,771,0,38,12,682,6,41.12,43.52,,,182,34,82,251,1701,3,151,8
P255,New Zealand Player 23,Bowler,New Zealand,CSK,370,1177,685,8.6,6.63,27,0,3,248,270,258,256,134,0,Strike bowler,464,187,11.92,121.33,20.73,8.13,27,0,1,68,49,17,43,44,336,54,6.2,92.72,17.25,7.21,8,0,2,55,63,57,17,45,267,330,10.84,139.62,32.2,5.57,25,0,0,57,32,24,104,27,110,114,5.43,53.57,18.34,5.63,13,0,0,68,126,160,92,18
P256,Ireland Player 24,Batter,Ireland,GT,91,21275,42,42.11,,271,29,259,1235,4515,7,364,111,0,Top order batter,2075,14,34.59,101.17,,,122,1,38,304,2154,3,140,9,8326,6,38.25,147.88,,,178,8,117,393,1491,0,61,25,4290,10,55.64,148.57,,,85,15,71,132,200,3,67,44,6584,12,39.94,42.86,,,271,5,33,406,670,1,96,33
P257,Sri Lanka Player 25,All-rounder,Sri Lanka,RCB,218,15669,464,25.47,6.74,152,28,90,915,2550,119,281,59,4,Batting and bowling option,2905,52,22.51,96.14,20.42,7.95,152,11,37,268,421,30,101,9,2979,88,31.34,103.54,26.07,7.31,133,12,23,231,561,18,37,26,2878,71,28.87,112.32,28.2,5.83,114,0,11,337,887,17,109,9,6907,253,19.16,53.71,32.69,5.88,123,5,19,79,681,54,34,15
P258,Bangladesh Player 26,Bowler,Bangladesh,MI,74,2221,643,15.12,5.8,87,2,8,147,293,253,209,106,4,Wicket taker,891,194,12.4,151.61,24.6,5.77,87,0,1,12,116,38,28,7,751,81,16.8,142.13,24.11,6.01,17,1,3,34,31,65,91,28,579,143,14.02,84.56,16.54,5.71,26,0,1,56,123,39,10,37,0,225,17.24,69.6,56.65,5.73,87,1,3,45,23,111,80,34
P259,Zimbabwe Player 27,All-rounder,Zimbabwe,None,324,16101,684,28.66,7.02,179,18,107,420,2065,160,300,142,5,Match-winning all-rounder,3511,87,33.34,131.74,29.83,8.55,161,0,7,85,351,14,12,42,4284,120,27.24,133.68,32.94,7.15,126,3,36,161,644,18,124,38,2952,137,26.69,84.22,27.73,6.5,55,8,38,120,256,2,148,30,5354,340,27.37,43.03,75.82,5.88,179,7,26,54,814,126,16,32
P260,Bangladesh Player 28,Wicket Keeper,Bangladesh,LSG,244,12460,39,39.02,,158,33,180,736,2266,7,427,77,3,Quick glovework,2226,12,41.42,157.34,,,158,12,45,301,670,0,113,16,5219,10,45.35,110.29,,,137,11,11,105,1270,3,105,40,2117,2,44.04,127.11,,,106,4,57,164,117,3,91,18,2898,15,25.27,71.93,,,114,6,67,166,209,1,118,3
P261,Sri Lanka Player 29,Wicket Keeper,Sri Lanka,LSG,264,12362,41,33.48,,201,17,166,756,3769,6,331,100,3,Explosive keeper batter,4340,8,43.94,152.88,,,201,7,47,99,1195,1,116,18,1814,14,24.44,159.51,,,178,5,42,314,977,1,51,22,1581,4,31.85,97.52,,,130,0,55,261,354,1,58,21,4627,15,33.7,37.43,,,130,5,22,82,1243,3,106,39
P262,Netherlands Player 30,All-rounder,Netherlands,DC,320,10063,422,24.26,6.89,189,24,96,872,1281,135,330,84,0,Impact player,1303,69,21.34,151.3,18.71,9.2,125,10,28,48,739,38,139,45,372,20,33.5,87.69,33.51,6.15,75,8,9,181,166,42,118,15,1785,133,19.87,143.9,40.86,6.34,101,2,17,327,299,5,68,4,6603,200,22.32,37.0,71.01,5.89,189,4,42,316,77,50,5,20
P263,Sri Lanka Player 31,Bowler,Sri Lanka,SRH,110,2225,476,8.74,6.16,79,3,14,102,351,115,397,112,4,Death overs specialist,308,197,9.62,82.94,25.56,7.04,9,0,3,37,84,37,147,38,458,46,6.75,174.55,18.0,6.35,78,1,4,10,9,39,38,28,134,124,8.49,161.42,66.02,5.63,37,1,3,46,150,7,117,32,1325,109,10.12,43.26,45.94,5.62,79,1,4,9,108,32,95,14
P264,Scotland Player 32,Wicket Keeper,Scotland,CSK,216,20087,38,28.13,,169,8,124,560,2014,5,274,111,5,Explosive keeper batter,3150,13,31.67,96.97,,,169,3,11,172,294,0,102,44,3282,10,31.09,122.09,,,101,0,25,191,522,2,71,27,4084,15,24.09,161.45,,,76,0,66,82,726,2,96,0,9571,0,25.67,51.79,,,143,5,22,115,472,1,5,40
P265,India Player 33,Bowler,India,None,218,1768,712,16.18,6.28,85,1,5,85,267,181,341,137,3,Spin option,99,68,17.55,124.48,23.69,5.57,56,0,1,17,22,13,129,33,45,117,12.66,161.75,29.33,8.23,76,0,0,7,134,38,12,29,303,220,14.83,78.78,25.18,5.69,33,1,2,50,67,65,65,38,1321,307,19.69,52.81,21.68,5.64,85,0,2,11,44,65,135,37
P266,Nepal Player 34,All-rounder,Nepal,LSG,162,10389,374,31.3,7.08,160,23,98,902,795,168,409,111,0,Impact player,2682,131,36.56,167.39,32.4,9.01,84,1,20,308,162,42,112,20,363,152,34.44,111.17,29.1,7.16,85,9,23,270,278,1,55,42,655,15,29.15,120.36,18.49,6.3,160,10,30,46,206,44,98,41,6689,76,25.03,42.67,69.97,5.87,59,3,25,278,149,81,144,8
P267,Nepal Player 35,All-rounder,Nepal,RR,238,12317,478,29.6,6.33,167,28,82,1051,2066,104,317,71,2,Match-winning all-rounder,2515,100,32.28,85.72,19.03,6.37,147,6,19,344,588,19,87,17,968,87,29.93,89.84,23.71,6.52,151,11,24,171,535,19,90,8,4940,219,27.6,118.39,25.51,6.35,91,9,35,226,839,15,72,20,3894,72,28.6,57.43,61.87,6.09,167,2,4,310,104,51,68,26
P268,Nepal Player 36,Bowler,Nepal,SRH,100,2365,751,9.9,6.36,86,1,10,107,242,269,431,126,3,New ball specialist,124,89,5.59,132.3,27.52,7.57,79,0,3,2,17,79,88,40,489,162,8.73,141.47,20.16,6.24,78,1,3,2,87,80,128,27,477,110,6.0,107.87,66.5,5.92,65,0,4,48,98,24,154,23,1275,390,19.29,38.16,56.67,5.7,86,0,0,55,40,86,61,36
P269,Ireland Player 37,All-rounder,Ireland,PBKS,59,13396,377,27.89,7.3,117,34,46,351,2076,62,473,60,3,Finisher,1617,37,25.62,126.35,23.2,9.06,58,12,9,20,394,18,34,25,2554,45,36.9,79.98,31.26,7.65,72,5,8,81,84,1,159,29,2594,152,22.25,169.34,76.66,6.41,117,5,10,112,750,21,133,3,6631,143,26.8,45.8,77.99,6.1,83,12,19,138,848,22,147,3
P270,West Indies Player 38,All-rounder,West Indies,DC,124,20408,789,22.62,7.18,163,31,110,783,2239,85,291,63,4,Finisher,2397,33,24.15,151.4,23.7,7.29,150,10,31,291,755,42,74,2,3845,129,22.87,120.14,30.9,8.79,114,7,32,37,731,23,24,18,6349,314,20.99,147.55,51.28,6.18,163,6,7,314,150,4,99,40,7817,313,22.49,47.57,39.25,6.47,61,8,40,141,603,16,94,3
P271,West Indies Player 39,Batter,West Indies,SRH,375,27400,17,46.38,,216,109,253,990,3211,8,464,78,5,Power hitter,3205,2,54.34,122.92,,,154,14,42,139,1157,3,103,14,4628,6,35.74,133.19,,,156,15,117,239,579,2,151,25,11096,8,37.69,108.07,,,102,38,15,388,874,2,152,34,8471,1,57.76,59.29,,,216,42,79,224,601,1,58,5
P272,Pakistan Player 40,All-rounder,Pakistan,MI,185,13093,571,21.46,7.65,161,28,156,893,2263,150,246,69,4,Utility cricketer,2324,126,25.35,116.99,24.81,9.48,161,11,38,209,639,13,89,3,2433,19,18.06,106.25,20.88,8.63,55,3,45,303,855,40,32,32,2641,332,21.43,115.71,49.17,6.42,127,2,39,74,199,12,92,33,5695,94,21.0,71.72,19.12,6.07,60,12,34,307,570,85,33,1
P273,Bangladesh Player 41,Wicket Keeper,Bangladesh,PBKS,386,12363,23,30.58,,165,52,151,1089,2300,7,253,127,3,Wicket keeper batter,4156,8,33.77,141.19,,,165,19,68,450,1218,1,143,33,4526,1,33.19,83.57,,,121,7,24,98,353,3,34,40,2858,13,31.01,99.98,,,88,8,12,93,148,2,18,32,823,1,24.36,49.16,,,91,18,47,448,581,1,58,22
P274,Nepal Player 42,Bowler,Nepal,DC,273,1566,537,10.91,6.74,49,3,7,178,217,220,142,98,1,Death overs specialist,60,31,6.5,121.15,27.22,8.54,49,1,3,57,73,74,13,10,275,67,9.52,104.75,15.43,6.82,16,1,0,31,84,6,94,39,13,307,11.36,158.54,42.41,5.97,33,0,4,70,50,4,15,18,1218,132,16.25,49.54,15.17,5.63,6,1,0,20,10,136,20,31
P275,Scotland Player 43,All-rounder,Scotland,MI,170,7612,233,20.08,7.32,179,15,74,822,2732,181,228,99,0,Match-winning all-rounder,829,36,22.93,167.58,34.67,7.25,85,3,31,58,249,1,85,29,3145,103,20.54,146.99,23.81,9.45,91,4,26,335,814,24,41,31,2024,25,18.01,173.32,63.32,6.49,111,4,15,132,822,39,71,37,1614,69,18.83,35.54,45.36,6.09,179,4,2,297,847,117,31,2
P276,Zimbabwe Player 44,Wicket Keeper,Zimbabwe,PBKS,367,12106,22,31.36,,211,19,158,1095,2120,3,298,82,5,Quick glovework,369,6,32.17,110.12,,,171,2,20,96,1206,1,66,9,5235,4,27.48,84.62,,,211,0,66,397,180,0,93,25,455,0,32.08,115.07,,,172,7,15,284,401,0,7,16,6047,12,33.71,49.35,,,84,10,57,318,333,2,132,32
P277,Pakistan Player 45,Batter,Pakistan,KKR,179,33218,38,42.04,,233,109,207,1687,3732,6,431,150,3,Top order batter,1408,7,31.88,95.81,,,147,6,12,505,375,0,124,42,6266,11,55.92,163.39,,,201,35,30,379,1266,3,132,27,11257,10,41.8,92.26,,,98,35,114,440,269,0,63,42,14287,10,38.55,70.39,,,233,33,51,363,1822,3,112,39
P278,Ireland Player 46,All-rounder,Ireland,RCB,103,11161,373,25.11,6.85,199,7,108,1093,1822,115,408,52,1,Utility cricketer,4216,43,18.74,152.21,20.55,8.98,135,2,16,195,236,33,60,8,895,52,23.57,94.15,23.53,6.28,93,5,34,302,571,4,156,8,4838,240,28.64,132.49,31.68,5.98,153,0,37,278,583,41,133,27,1212,38,29.47,50.23,61.11,6.15,199,0,21,318,432,37,59,9
P279,Bangladesh Player 47,Batter,Bangladesh,MI,117,44180,26,46.48,,262,111,250,1440,3314,2,231,88,0,Chase specialist,7106,3,49.4,106.21,,,207,18,75,82,512,1,77,19,8082,15,46.24,169.82,,,142,37,68,578,633,0,86,36,14516,8,45.97,102.04,,,151,36,32,468,303,0,43,27,14476,0,44.33,74.06,,,262,20,75,312,1866,1,25,6
P280,India Player 48,All-rounder,India,GT,402,17364,692,25.5,7.41,240,27,97,604,1453,86,398,107,1,Match-winning all-rounder,3291,151,31.91,165.35,30.9,8.99,105,9,40,334,233,37,107,36,1242,39,27.41,115.01,23.9,8.32,60,2,16,214,331,38,142,40,7959,152,22.41,161.83,19.16,6.35,121,7,27,23,286,0,33,1,4872,350,20.25,73.49,36.16,5.97,240,9,14,33,603,11,116,30
P281,West Indies Player 49,Batter,West Indies,GT,38,25829,28,44.86,,204,93,323,1654,3134,1,301,77,4,Chase specialist,8285,0,43.71,154.57,,,204,4,87,513,887,0,48,44,687,14,54.69,122.27,,,94,12,119,323,209,0,57,1,14672,8,44.7,159.56,,,201,36,74,559,1842,1,138,24,2185,6,36.35,56.9,,,143,41,43,259,196,0,58,8
P282,Netherlands Player 50,Bowler,Netherlands,KKR,198,1951,1009,11.87,6.79,57,3,9,82,251,193,360,108,5,Strike bowler,884,170,10.86,100.08,28.58,7.49,5,0,1,4,101,51,95,27,193,210,17.46,79.16,17.06,8.03,57,1,4,22,56,40,142,20,783,34,5.45,170.01,42.59,5.96,22,1,0,37,87,56,44,45,91,595,13.69,67.88,22.2,5.68,48,1,4,19,7,46,79,16
P283,Australia Player 51,Batter,Australia,LSG,52,26788,28,46.65,,298,87,244,1191,4324,3,359,44,1,Consistent run scorer,715,8,44.46,165.08,,,73,4,81,442,190,1,137,4,3775,10,50.28,119.26,,,107,13,80,293,2111,0,35,15,14307,8,53.01,121.59,,,120,35,46,237,1076,2,123,18,7991,2,38.86,65.0,,,298,35,37,219,947,0,64,7
P284,South Africa Player 52,Wicket Keeper,South Africa,RCB,118,8999,36,31.29,,203,55,161,836,3372,4,290,61,5,Explosive keeper batter,622,10,37.82,110.42,,,127,16,41,246,861,1,107,9,3801,10,35.63,154.57,,,203,14,31,228,1131,0,12,23,2113,11,26.28,134.01,,,103,17,71,166,113,1,96,28,2463,5,25.44,46.72,,,100,8,18,196,1267,2,75,1
P285,India Player 53,Wicket Keeper,India,None,39,27374,26,38.3,,170,38,166,617,2494,5,216,99,4,Quick glovework,4101,7,44.83,161.71,,,62,8,27,209,153,2,58,39,5753,15,36.21,77.67,,,142,10,31,210,579,0,7,21,8789,2,41.51,141.38,,,170,4,64,34,610,1,59,37,8731,2,30.64,65.67,,,105,16,44,164,1152,2,92,2
P286,Afghanistan Player 54,All-rounder,Afghanistan,RCB,107,11931,759,26.35,6.86,179,17,121,476,1221,127,384,33,3,Match-winning all-rounder,2858,155,30.35,166.41,33.06,6.95,179,4,44,345,287,29,54,3,2860,137,22.3,111.98,28.51,8.05,73,4,6,30,58,7,107,3,5155,333,27.98,141.22,63.31,5.98,85,3,31,39,606,33,75,4,1058,134,24.76,60.51,55.17,6.44,150,6,40,62,270,58,148,23
P287,West Indies Player 55,Bowler,West Indies,PBKS,411,2868,662,13.68,6.44,82,3,4,144,292,164,459,71,5,New ball specialist,516,41,15.24,127.42,17.48,8.73,10,0,1,69,82,30,87,29,432,68,12.21,159.71,26.92,5.52,82,1,2,32,133,71,131,0,433,486,8.0,111.67,48.29,5.99,21,1,1,39,38,29,132,35,1487,67,19.25,70.94,43.09,5.52,54,1,0,4,39,34,109,7
P288,Afghanistan Player 56,Bowler,Afghanistan,GT,40,2343,1255,12.49,7.28,73,1,5,157,298,304,241,45,1,Spin option,451,87,12.52,78.84,26.55,9.11,31,0,2,26,119,40,87,19,885,221,18.58,111.22,18.95,8.48,73,1,3,41,23,70,83,14,522,599,12.65,80.51,47.85,5.72,25,0,0,66,116,52,11,5,485,348,6.2,42.26,27.16,5.8,16,0,0,24,40,142,60,7
P289,Nepal Player 57,Wicket Keeper,Nepal,MI,111,14082,26,36.27,,133,27,207,991,3922,8,246,109,1,Explosive keeper batter,581,11,30.26,116.09,,,100,9,67,266,1026,2,20,33,5809,2,44.58,149.87,,,133,3,51,357,1151,1,27,23,3719,11,43.55,97.29,,,86,0,40,34,1191,2,141,21,3973,2,26.71,55.72,,,71,15,49,334,554,3,58,32
P290,Sri Lanka Player 58,Bowler,Sri Lanka,RCB,220,2722,653,12.88,6.51,46,4,9,129,219,298,456,144,3,New ball specialist,300,127,18.36,150.72,28.52,8.4,46,1,0,24,68,25,121,32,682,89,12.4,134.14,29.55,6.12,34,1,2,69,54,27,150,41,773,340,6.32,83.56,52.54,5.59,22,1,3,14,15,31,71,31,967,97,14.45,64.44,43.92,5.92,32,1,4,22,82,215,114,40
P291,Netherlands Player 59,Wicket Keeper,Netherlands,LSG,196,15404,18,33.74,,217,25,94,1206,1125,5,355,128,4,Quick glovework,2860,5,34.95,154.09,,,185,3,14,139,195,0,116,22,2882,0,35.11,81.12,,,217,5,10,444,189,3,136,40,3497,8,29.98,75.16,,,64,17,16,329,347,1,66,21,6165,5,34.91,58.15,,,171,0,54,294,394,1,37,45
P292,Sri Lanka Player 60,All-rounder,Sri Lanka,RCB,192,12598,445,30.1,7.11,187,40,80,566,2032,179,396,66,1,Match-winning all-rounder,925,104,31.48,167.6,20.01,7.08,146,10,16,281,331,2,132,25,923,143,31.42,127.2,35.58,8.7,84,9,23,94,271,22,151,11,7551,94,31.45,160.73,26.44,6.21,157,9,37,26,842,34,42,1,3199,104,26.05,46.81,56.22,6.46,187,12,4,165,588,121,71,29
P293,West Indies Player 61,Bowler,West Indies,DC,142,2367,1209,11.86,6.76,67,4,9,121,292,412,237,104,2,Wicket taker,550,165,15.7,159.13,21.17,6.38,67,1,1,64,150,77,31,32,647,222,5.09,113.92,22.64,8.79,61,1,1,22,23,59,27,19,595,208,9.34,169.97,57.07,5.94,34,1,3,4,75,73,144,36,575,614,17.33,69.89,58.63,5.93,18,1,4,31,44,203,35,17
P294,India Player 62,Batter,India,DC,403,16298,28,39.99,,284,61,288,1574,3448,10,384,113,4,Power hitter,2458,12,45.33,125.77,,,92,13,92,601,1524,2,154,33,7672,0,41.93,126.71,,,218,10,40,176,1037,2,112,43,4589,15,28.29,152.15,,,99,13,51,205,123,3,36,5,1579,1,44.41,67.03,,,284,25,105,592,764,3,82,32
P295,Nepal Player 63,Batter,Nepal,CSK,237,29139,25,42.81,,209,97,278,1282,6425,4,226,42,3,Chase specialist,837,3,55.5,105.6,,,209,33,78,463,2131,1,79,17,7546,8,29.04,87.96,,,121,16,43,508,1189,0,44,7,14794,2,47.82,127.75,,,100,36,93,148,1767,0,31,0,5962,12,38.89,71.44,,,130,12,64,163,1338,3,72,18
P296,Scotland Player 64,Wicket Keeper,Scotland,None,57,20710,20,31.77,,238,48,219,1568,3209,9,319,50,0,Wicket keeper batter,3926,0,45.16,100.83,,,142,19,39,396,663,3,121,19,5467,12,25.85,147.24,,,180,5,69,337,1226,1,152,16,8863,1,30.93,152.91,,,101,18,56,397,858,3,15,2,2454,7,25.15,62.69,,,238,6,55,438,462,2,31,13
P297,Pakistan Player 65,Batter,Pakistan,CSK,415,19885,40,41.63,,187,109,287,1332,5942,6,403,79,2,Power hitter,2744,8,40.56,109.38,,,74,22,114,426,234,3,103,6,4579,12,38.93,136.08,,,125,30,63,317,2136,0,69,22,7490,7,34.74,79.18,,,187,42,55,106,1946,3,103,38,5072,13,52.28,65.79,,,80,15,55,483,1626,0,128,13
P298,West Indies Player 66,All-rounder,West Indies,RR,397,16447,608,23.39,6.69,162,15,89,1038,1752,119,418,31,0,Utility cricketer,3547,104,24.49,137.87,19.47,6.4,87,0,19,254,490,40,102,2,571,17,18.76,79.41,32.3,8.31,162,10,29,320,770,31,44,11,6169,279,23.53,96.91,47.63,5.94,74,3,23,117,262,38,137,0,6160,208,26.8,56.22,54.38,6.1,90,2,18,347,230,10,135,18
P299,Zimbabwe Player 67,Wicket Keeper,Zimbabwe,PBKS,233,12062,37,37.04,,189,12,191,963,2986,9,235,113,4,Wicket keeper batter,1156,7,34.85,76.72,,,189,0,8,169,917,2,127,29,1022,12,24.5,107.99,,,113,0,65,321,967,3,18,37,7820,6,43.87,95.49,,,153,2,75,304,601,1,34,3,2064,12,44.94,38.78,,,79,10,43,169,501,3,56,44
P300,Pakistan Player 68,Batter,Pakistan,PBKS,116,21098,27,48.66,,177,87,326,1136,5061,6,233,109,4,Century maker,2764,2,46.41,174.05,,,107,14,79,315,1861,1,17,39,1980,7,52.15,173.73,,,177,25,89,429,961,2,135,5,3587,11,43.53,124.87,,,158,16,120,57,1419,0,34,34,12767,7,52.57,43.07,,,87,32,38,335,820,3,47,31
